Date,Sales
2018-01-01,88.2026172983832
2018-01-02,20.107860418361167
2018-01-03,49.136899205286966
2018-01-04,112.34465996007289
2018-01-05,93.77789950749838
2018-01-06,-48.363893993820554
2018-01-07,48.10442087627947
2018-01-08,-6.867860414884894
2018-01-09,-4.360942589677893
2018-01-10,21.429925096918616
2018-01-11,8.202178558043899
2018-01-12,73.81367534814875
2018-01-13,39.251886257349675
2018-01-14,7.38375082464142
2018-01-15,23.593161637271283
2018-01-16,18.18371636871334
2018-01-17,76.3039536578803
2018-01-18,-8.557913188290044
2018-01-19,17.45338508254507
2018-01-20,-40.804786965086244
2018-01-21,-125.64949079170394
2018-01-22,34.780929772018034
2018-01-23,45.42180994297529
2018-01-24,-34.8082510203221
2018-01-25,115.88773119938038
2018-01-26,-70.21828372993824
2018-01-27,4.887925865072304
2018-01-28,-6.65919250129168
2018-01-29,79.43896071792287
2018-01-30,76.36793849501426
2018-01-31,10.747371284845816
2018-02-01,22.00812598010868
2018-02-02,-41.189287381505636
2018-02-03,-95.73982341119635
2018-02-04,-13.99560746630763
2018-02-05,11.317448455199003
2018-02-06,65.11453403638603
2018-02-07,63.818992439220565
2018-02-08,-15.566340870397614
2018-02-09,-11.215137528766778
2018-02-10,-48.42764825335463
2018-02-11,-66.90089685894877
2018-02-12,-81.11350953125063
2018-02-13,101.83876976158948
2018-02-14,-21.082609087582675
2018-02-15,-17.40371508055932
2018-02-16,-58.03976800249631
2018-02-17,43.574517791595504
2018-02-18,-75.89489237789758
2018-02-19,-5.737014010698434
2018-02-20,-39.773328059683784
2018-02-21,24.4451248929631
2018-02-22,-20.34025687844365
2018-02-23,-53.73160920612061
2018-02-24,3.9908885830672567
2018-02-25,26.916593526520884
2018-02-26,8.925861119158395
2018-02-27,20.82359488698907
2018-02-28,-25.91610468404818
2018-03-01,-12.237058299356905
2018-03-02,-27.62302238879755
2018-03-03,-11.877658077027066
2018-03-04,-34.457314102222696
2018-03-05,-80.01413011658384
2018-03-06,15.271307112687643
2018-03-07,-13.589046810413095
2018-03-08,-74.90991734830223
2018-03-09,29.839112776288708
2018-03-10,-38.56491821916211
2018-03-11,9.497269789806948
2018-03-12,43.45452810887684
2018-03-13,13.549145537870533
2018-03-14,64.17003422716503
2018-03-15,-54.44129101768264
2018-03-16,27.51708205887745
2018-03-17,-26.74050454701566
2018-03-18,-35.939857459094085
2018-03-19,-21.242483238220775
2018-03-20,-7.777626606368632
2018-03-21,10.708267111487272
2018-03-22,-50.25749203916782
2018-03-23,53.14132434770936
2018-03-24,31.483121986522992
2018-03-25,-68.51218431386118
2018-03-26,82.81260968977999
2018-03-27,103.29445880152916
2018-03-28,67.53897855798253
2018-03-29,-0.29624179061754674
2018-03-30,-44.73763107552712
2018-03-31,61.62258634655683
2018-04-01,-11.15884734865898
2018-04-02,70.22225351912137
2018-04-03,19.613748903843014
2018-04-04,58.131951824185634
2018-04-05,27.218319858720093
2018-04-06,44.82865840959741
2018-04-07,10.125001036041024
2018-04-08,98.99352469529177
2018-04-09,16.145604635180995
2018-04-10,29.999468172235083
2018-04-11,104.15753485281272
2018-04-12,-57.287953057122316
2018-04-13,-53.324249924286676
2018-04-14,58.76983540790056
2018-04-15,-48.256170255708
2018-04-16,107.68105928246463
2018-04-17,-10.080949037987368
2018-04-18,-26.672740572037892
2018-04-19,106.94710132401923
2018-04-20,84.92573957172122
2018-04-21,104.37794802132849
2018-04-22,56.40223291376927
2018-04-23,-31.86128425273513
2018-04-24,106.80324765495168
2018-04-25,-2.000168547569018
2018-04-26,51.62281978981976
2018-04-27,58.962598388687404
2018-04-28,3.94949534545829
2018-04-29,42.50396851730402
2018-04-30,58.01033357832634
2018-05-01,30.82127655778147
2018-05-02,-42.87003952920972
2018-05-03,27.1119087103028
2018-05-04,78.6192948343515
2018-05-05,-22.328392986568275
2018-05-06,5.018272983616462
2018-05-07,-9.157677586081872
2018-05-08,105.16318642396709
2018-05-09,46.414737850621776
2018-05-10,33.27309181205552
2018-05-11,-25.49580372226582
2018-05-12,40.06245956459086
2018-05-13,-20.516633032868807
2018-05-14,14.89152791371756
2018-05-15,-18.392303918944044
2018-05-16,47.32166474732499
2018-05-17,42.429540830747044
2018-05-18,3.2850622211002563
2018-05-19,33.60033563308227
2018-05-20,-40.75307543652529
2018-05-21,-60.56287963528028
2018-05-22,36.069585063226846
2018-05-23,22.53367476862645
2018-05-24,46.05157184460532
2018-05-25,133.5572387431971
2018-05-26,61.723974349520695
2018-05-27,-31.041111272207928
2018-05-28,70.55081440479265
2018-05-29,-50.995370525576064
2018-05-30,-8.179230240735448
2018-05-31,11.587919733768437
2018-06-01,100.76713608246833
2018-06-02,-22.037741102421993
2018-06-03,-26.021926932950716
2018-06-04,10.477373778728385
2018-06-05,-17.673914318105368
2018-06-06,71.93179610532535
2018-06-07,-38.29657541817117
2018-06-08,-41.573432620555124
2018-06-09,-5.991002237221702
2018-06-10,-8.901622534615246
2018-06-11,112.57660269084928
2018-06-12,63.67104034628804
2018-06-13,20.677562069259544
2018-06-14,-44.8717759415084
2018-06-15,58.71814882007735
2018-06-16,-33.410767369478236
2018-06-17,-60.53855483888057
2018-06-18,76.2014896176151
2018-06-19,32.74713059624248
2018-06-20,63.042941189040945
2018-06-21,33.03638264715106
2018-06-22,60.04153059513456
2018-06-23,-15.251279665007342
2018-06-24,-34.31214208922324
2018-06-25,51.57972591408135
2018-06-26,-22.570483208692053
2018-06-27,-16.777488887510028
2018-06-28,-4.976625175867156
2018-06-29,18.773957951252836
2018-06-30,0.3003044373258028
2018-07-01,-50.64756467090094
2018-07-02,-13.980920141644528
2018-07-03,-92.87015761122133
2018-07-04,49.66157255135937
2018-07-05,-61.60288278033738
2018-07-06,-36.61916697142253
2018-07-07,21.30825396304872
2018-07-08,-18.178149819565665
2018-07-09,96.0507297703368
2018-07-10,-45.64284548617243
2018-07-11,32.45254346745915
2018-07-12,17.23585908862522
2018-07-13,-39.10467488705987
2018-07-14,45.56383302658769
2018-07-15,10.922683438887594
2018-07-16,58.189527560683366
2018-07-17,60.87520769818657
2018-07-18,127.96179746403449
2018-07-19,86.72639747181961
2018-07-20,1.5409081028778218
2018-07-21,8.131041121203681
2018-07-22,75.18297979435566
2018-07-23,53.06318653612989
2018-07-24,52.4065763048796
2018-07-25,-60.34780221554172
2018-07-26,19.38369378005322
2018-07-27,-16.20154546028444
2018-07-28,34.79622995216191
2018-07-29,15.992480517852101
2018-07-30,66.5089454046296
2018-07-31,36.9609107595651
2018-08-01,60.5163981054488
2018-08-02,-2.020954836797152
2018-08-03,-25.822312795912524
2018-08-04,0.997515339872578
2018-08-05,20.74897930692797
2018-08-06,40.65758677775409
2018-08-07,134.7654475345426
2018-08-08,19.787142416967864
2018-08-09,-25.79725002463885
2018-08-10,4.8009112150306805
2018-08-11,-0.9797987323047117
2018-08-12,46.37407368867311
2018-08-13,-54.63985072223124
2018-08-14,25.663099710016585
2018-08-15,30.42532689826878
2018-08-16,34.309051810013784
2018-08-17,-7.0658034482681344
2018-08-18,11.003913513199649
2018-08-19,-48.20304544912658
2018-08-20,-1.5659941681097003
2018-08-21,-3.9430738008358865
2018-08-22,44.10250231307128
2018-08-23,-34.409121591095634
2018-08-24,62.55990508549967
2018-08-25,98.32422722456843
2018-08-26,-79.79925125067662
2018-08-27,45.112936538905046
2018-08-28,57.745401751512276
2018-08-29,-7.8718512776114515
2018-08-30,4.236409283560118
2018-08-31,17.555971120652217
2018-09-01,9.410456029913584
2018-09-02,8.949351547643888
2018-09-03,-59.30019031649883
2018-09-04,82.21657823915601
2018-09-05,78.68092960184106
2018-09-06,-15.86821296021014
2018-09-07,-48.4212163901257
2018-09-08,51.053243822637924
2018-09-09,-3.6893984906533035
2018-09-10,32.297658166038985
2018-09-11,9.333579142745242
2018-09-12,59.97693755350933
2018-09-13,60.2374571828003
2018-09-14,-10.679868923179214
2018-09-15,-43.46819776975276
2018-09-16,-53.34691986675409
2018-09-17,56.418968955360256
2018-09-18,-33.442962889201446
2018-09-19,0.7591822850656236
2018-09-20,-3.615701922525407
2018-09-21,23.671635186522686
2018-09-22,-70.41399029232534
2018-09-23,35.938929839691426
2018-09-24,52.79455119171028
2018-09-25,31.12110435223307
2018-09-26,11.255691415076415
2018-09-27,31.77000831343917
2018-09-28,46.95231728200651
2018-09-29,-111.5296378213325
2018-09-30,124.99561541253472
2018-10-01,46.80466613439633
2018-10-02,-5.220429119351003
2018-10-03,7.9523312406199445
2018-10-04,52.287088867459424
2018-10-05,21.894803048281673
2018-10-06,-73.73422338907473
2018-10-07,131.12464306796596
2018-10-08,22.47296713837637
2018-10-09,79.10863558578998
2018-10-10,-6.402492389219557
2018-10-11,105.11885271228988
2018-10-12,42.71718444461398
2018-10-13,58.94219172377254
2018-10-14,-23.662668307347737
2018-10-15,89.25726448413504
2018-10-16,63.29090822673942
2018-10-17,93.99231147824992
2018-10-18,-2.4043779820789446
2018-10-19,5.048644076960617
2018-10-20,144.3958348841971
2018-10-21,-23.70079113607736
2018-10-22,22.60251496608396
2018-10-23,86.34456813013477
2018-10-24,34.48624838574278
2018-10-25,58.84768398766468
2018-10-26,9.827548536856241
2018-10-27,48.40279439237594
2018-10-28,-35.32634258676583
2018-10-29,113.00653398090941
2018-10-30,24.29179774357151
2018-10-31,-3.708910199842517
2018-11-01,63.71915410159571
2018-11-02,7.464010630572336
2018-11-03,-36.112923570137674
2018-11-04,-36.63587528987776
2018-11-05,65.48865763450662
2018-11-06,22.921328092686654
2018-11-07,24.31492201657804
2018-11-08,84.98719029881315
2018-11-09,-25.141290437837174
2018-11-10,-5.233887643241243
2018-11-11,12.156009540936225
2018-11-12,36.2175794658537
2018-11-13,29.491427435471053
2018-11-14,17.355640380504617
2018-11-15,28.71867989521763
2018-11-16,26.534736185441265
2018-11-17,-3.9802194275896454
2018-11-18,-8.549649427703862
2018-11-19,45.92581788619698
2018-11-20,-12.245754149776396
2018-11-21,-25.467762959542682
2018-11-22,16.885387443715334
2018-11-23,24.716649191809207
2018-11-24,145.53617486491046
2018-11-25,-2.435013792811688
2018-11-26,80.06303624847473
2018-11-27,70.35941671023159
2018-11-28,-26.347247760186804
2018-11-29,71.86264887012999
2018-11-30,-25.894032009665892
2018-12-01,-99.55861189983705
2018-12-02,63.81597621796904
2018-12-03,-54.19452917188597
2018-12-04,56.246723090295745
2018-12-05,-0.40054488686082834
2018-12-06,116.87753980949361
2018-12-07,87.42546996580046
2018-12-08,11.430709807430617
2018-12-09,-0.1918805514341173
2018-12-10,-26.403870154706034
2018-12-11,12.35386838537043
2018-12-12,20.482225240774547
2018-12-13,16.36532278041573
2018-12-14,42.5351927636182
2018-12-15,63.72607488644392
2018-12-16,52.3827228496587
2018-12-17,-3.2071961953221546
2018-12-18,-36.78957369007892
2018-12-19,103.42659240512357
2018-12-20,0.827540772503113
2018-12-21,2.7853200032490406
2018-12-22,9.440534384944456
2018-12-23,-56.55347750783242
2018-12-24,11.80129979797567
2018-12-25,11.817209299602613
2018-12-26,66.91791491717562
2018-12-27,70.9228574553668
2018-12-28,36.28854445431347
2018-12-29,82.79241870571519
2018-12-30,53.298249190063096
2018-12-31,35.61589441987226
2019-01-01,44.54640841491115
2019-01-02,27.06732532093003
2019-01-03,16.95752429832749
2019-01-04,23.413323155301676
2019-01-05,-19.500566573500343
2019-01-06,51.022085265814795
2019-01-07,-12.556180546479034
2019-01-08,79.28156320368183
2019-01-09,24.827070991952553
2019-01-10,39.874749082504536
2019-01-11,62.19183881404781
2019-01-12,69.7657232531464
2019-01-13,-40.83117043167263
2019-01-14,27.454816191801413
2019-01-15,81.9089456040391
2019-01-16,-46.90529097161273
2019-01-17,57.46402376975317
2019-01-18,-74.57821147010947
2019-01-19,-12.82534218178018
2019-01-20,40.3315275920094
2019-01-21,-44.33575511609769
2019-01-22,-10.675536884207531
2019-01-23,-34.891750373179335
2019-01-24,121.20674661037798
2019-01-25,47.1113877743667
2019-01-26,67.36451389263347
2019-01-27,27.96624497424228
2019-01-28,21.528412562140048
2019-01-29,-41.52370943255163
2019-01-30,24.808131862606857
2019-01-31,1.425389409418834
2019-02-01,82.49619621461682
2019-02-02,96.75509333287867
2019-02-03,113.12893577870888
2019-02-04,82.5275969730616
2019-02-05,10.067303153850695
2019-02-06,-15.694849298019719
2019-02-07,78.53315908225431
2019-02-08,58.11464087361445
2019-02-09,-48.02692253385154
2019-02-10,58.27408963718845
2019-02-11,81.32599112439331
2019-02-12,43.6462794590815
2019-02-13,31.54731644953292
2019-02-14,0.5175756191822174
2019-02-15,-31.326734978169398
2019-02-16,81.11489746700138
2019-02-17,25.744277761414565
2019-02-18,29.62666692281536
2019-02-19,128.03605934595666
2019-02-20,75.72505534295952
2019-02-21,60.1412500640551
2019-02-22,48.80309025936179
2019-02-23,117.79974303828864
2019-02-24,127.87946537080973
2019-02-25,88.4752555739764
2019-02-26,71.21122956989622
2019-02-27,-62.53015356030724
2019-02-28,48.486095711675326
2019-03-01,35.894652290314795
2019-03-02,47.19766146927844
2019-03-03,89.75230436612588
2019-03-04,-94.2838583594778
2019-03-05,14.334397326490741
2019-03-06,56.39521774703807
2019-03-07,19.657722697361873
2019-03-08,-27.745305656312972
2019-03-09,86.64817434483977
2019-03-10,57.1435952923064
2019-03-11,-5.155228522224235
2019-03-12,59.24086022579119
2019-03-13,84.67928560248978
2019-03-14,43.96463231496804
2019-03-15,83.82824017154984
2019-03-16,47.813008758083065
2019-03-17,24.23855086728228
2019-03-18,-13.871025819995644
2019-03-19,39.90346165141936
2019-03-20,54.01464690228858
2019-03-21,88.19163807936656
2019-03-22,38.74462657563866
2019-03-23,67.47078031104954
2019-03-24,-3.5306006866864195
2019-03-25,5.668542208623741
2019-03-26,39.38053504865561
2019-03-27,-7.731423199250692
2019-03-28,86.11239186623406
2019-03-29,68.35651646593035
2019-03-30,59.25478821962267
2019-03-31,62.34520626079723
2019-04-01,146.55217807423986
2019-04-02,22.15679060166022
2019-04-03,-64.3720642750279
2019-04-04,55.765009844823254
2019-04-05,43.3698229519167
2019-04-06,20.124047874479835
2019-04-07,-2.8414929679384926
2019-04-08,24.240523909892605
2019-04-09,55.366921460891064
2019-04-10,21.259164967873087
2019-04-11,167.12268397718742
2019-04-12,-1.4252190816573957
2019-04-13,7.044131864616418
2019-04-14,-67.63100200072643
2019-04-15,59.47422075107685
2019-04-16,-53.820331389988
2019-04-17,20.127268331274934
2019-04-18,33.41647327197215
2019-04-19,11.813601707655586
2019-04-20,134.34363387272555
2019-04-21,97.21971956577494
2019-04-22,113.55684381507879
2019-04-23,3.579059072504073
2019-04-24,104.22970322572843
2019-04-25,72.70004731719811
2019-04-26,86.57029743384228
2019-04-27,99.57194143913836
2019-04-28,2.7618377020473446
2019-04-29,27.084118951104923
2019-04-30,91.52980056642255
2019-05-01,-84.28095464874664
2019-05-02,124.26640412866027
2019-05-03,76.3566032103792
2019-05-04,46.51480196698825
2019-05-05,59.925382787858666
2019-05-06,-2.4967641654488304
2019-05-07,31.602831770544764
2019-05-08,104.2142169110187
2019-05-09,114.20109861631106
2019-05-10,184.211202628179
2019-05-11,45.80376668597924
2019-05-12,16.672351659749815
2019-05-13,23.988301703000563
2019-05-14,-1.1020937643682416
2019-05-15,46.00726220295746
2019-05-16,69.13662150061342
2019-05-17,48.387885973402305
2019-05-18,105.01734228328993
2019-05-19,38.58920993277317
2019-05-20,33.027467375071836
2019-05-21,21.436576156983737
2019-05-22,-31.03172631172476
2019-05-23,-27.688386215422696
2019-05-24,-8.15789653188439
2019-05-25,115.97140358323804
2019-05-26,95.7630136444965
2019-05-27,119.84820331964949
2019-05-28,-15.410582729725078
2019-05-29,-47.13123448930101
2019-05-30,18.397183993295855
2019-05-31,60.2909476648014
2019-06-01,76.53451374549138
2019-06-02,104.09860779840264
2019-06-03,66.01398354036073
2019-06-04,139.03343903278156
2019-06-05,40.869715952583974
2019-06-06,6.44603909791018
2019-06-07,-31.860910774721674
2019-06-08,7.851432095227501
2019-06-09,64.50589804925615
2019-06-10,8.06398713231846
2019-06-11,99.43712317676287
2019-06-12,123.31638530187216
2019-06-13,-65.67934526133016
2019-06-14,96.1026150248824
2019-06-15,-58.980202933086844
2019-06-16,73.17495275451438
2019-06-17,114.443528209683
2019-06-18,56.542805317178804
2019-06-19,-10.584458660211972
2019-06-20,24.22843978611137
2019-06-21,40.51772771445496
2019-06-22,44.58776081050286
2019-06-23,43.655157961666646
2019-06-24,48.40586103453431
2019-06-25,64.67400244550845
2019-06-26,-6.328682686661061
2019-06-27,42.09900850648903
2019-06-28,130.21305851778527
2019-06-29,35.16772884287411
2019-06-30,32.30819534224011
2019-07-01,108.5098651857119
2019-07-02,-73.25923331720482
2019-07-03,113.86893006441429
2019-07-04,23.304812099741635
2019-07-05,63.196428622629334
2019-07-06,59.91606779605984
2019-07-07,102.32340596101969
2019-07-08,41.92026268823261
2019-07-09,21.49871092177748
2019-07-10,120.39228953255494
2019-07-11,-62.60869085705901
2019-07-12,56.71670908526217
2019-07-13,-11.596271131456021
2019-07-14,17.82133058717205
2019-07-15,156.56283407315686
2019-07-16,53.87022867720715
2019-07-17,65.95348485756907
2019-07-18,-32.77814278527957
2019-07-19,19.947767060265214
2019-07-20,66.32787003643925
2019-07-21,74.3378846556609
2019-07-22,87.54432771966394
2019-07-23,57.23139494587881
2019-07-24,83.25021042273298
2019-07-25,79.6890956317842
2019-07-26,-34.38702055022657
2019-07-27,59.05028609550748
2019-07-28,95.69512038663518
2019-07-29,86.89399103672598
2019-07-30,39.3070595014605
2019-07-31,17.31867462303161
2019-08-01,1.7844037839183926
2019-08-02,51.24729942292938
2019-08-03,114.5539939779861
2019-08-04,-39.5902050740801
2019-08-05,25.105413513525107
2019-08-06,1.2098772286612984
2019-08-07,97.54787606202501
2019-08-08,30.684518671434954
2019-08-09,34.96811709226043
2019-08-10,47.75252150316755
2019-08-11,80.96966254473986
2019-08-12,39.18055009251816
2019-08-13,-93.40715273999632
2019-08-14,86.16559456937598
2019-08-15,81.05214788360213
2019-08-16,48.22294858343934
2019-08-17,5.098168966403271
2019-08-18,76.98900553406791
2019-08-19,78.46177667677934
2019-08-20,36.09835586495626
2019-08-21,48.86342647122307
2019-08-22,13.292174873783935
2019-08-23,50.97054539563354
2019-08-24,-17.52146725417404
2019-08-25,80.96594105159178
2019-08-26,12.981575458785308
2019-08-27,72.2051573916156
2019-08-28,-9.898145813394969
2019-08-29,30.997117706523017
2019-08-30,55.07552974670361
2019-08-31,-22.33499059346316
2019-09-01,66.55739365700461
2019-09-02,41.94262185600386
2019-09-03,-26.11780989046153
2019-09-04,-4.06213770561579
2019-09-05,91.45600420410834
2019-09-06,106.0777992775662
2019-09-07,54.80456801100165
2019-09-08,81.73809060202487
2019-09-09,72.79217816564554
2019-09-10,78.1811491063869
2019-09-11,126.09920035401466
2019-09-12,-13.44991991071361
2019-09-13,95.82303661808116
2019-09-14,42.99955222110899
2019-09-15,50.987053287417986
2019-09-16,47.1875134772465
2019-09-17,43.64264416693581
2019-09-18,1.1901904108490484
2019-09-19,71.76695996288007
2019-09-20,146.24715163944285
2019-09-21,59.99334897756214
2019-09-22,62.830747863245215
2019-09-23,28.635048142166823
2019-09-24,57.22627267909443
2019-09-25,86.50832130170154
2019-09-26,44.78787796478285
2019-09-27,40.70979794739995
2019-09-28,83.66322700816234
2019-09-29,17.699761509047732
2019-09-30,76.32483135384362
2019-10-01,104.81608986307108
2019-10-02,131.8974270839742
2019-10-03,59.48089963615266
2019-10-04,132.47986199033568
2019-10-05,115.92049432407592
2019-10-06,14.48936798144669
2019-10-07,3.5030744203424575
2019-10-08,49.25181810727898
2019-10-09,116.0467746297427
2019-10-10,61.08564962199976
2019-10-11,34.767122117110574
2019-10-12,142.51215900242806
2019-10-13,79.34522440016733
2019-10-14,-50.92971378953709
2019-10-15,81.05803131463443
2019-10-16,91.30203072854339
2019-10-17,76.6804327235552
2019-10-18,87.98560501159963
2019-10-19,62.23621955385091
2019-10-20,-0.21979348223671025
2019-10-21,47.264799838977325
2019-10-22,18.619210222185437
2019-10-23,19.36295446028111
2019-10-24,2.946582544886226
2019-10-25,88.82445463198232
2019-10-26,71.19480727063136
2019-10-27,43.9917318659646
2019-10-28,34.03310361348059
2019-10-29,65.42884474892739
2019-10-30,120.65973640562447
2019-10-31,-33.41078577494575
2019-11-01,85.74382604254464
2019-11-02,39.71440129911088
2019-11-03,-27.12929224897239
2019-11-04,-30.085154158197938
2019-11-05,21.660825293235405
2019-11-06,78.37547778965227
2019-11-07,87.15314669900458
2019-11-08,20.65092136611073
2019-11-09,118.55104957066223
2019-11-10,138.9491748258053
2019-11-11,87.70432924782801
2019-11-12,38.429866609594455
2019-11-13,124.32095922551841
2019-11-14,105.96978478316692
2019-11-15,111.67037056774589
2019-11-16,35.57681625142343
2019-11-17,-73.22772526373512
2019-11-18,174.43955107418378
2019-11-19,-11.84392017249668
2019-11-20,67.01159640698894
2019-11-21,187.93726756098752
2019-11-22,85.5288378137187
2019-11-23,116.56232367791178
2019-11-24,-5.91982846908563
2019-11-25,-19.58334773668531
2019-11-26,42.764860401022275
2019-11-27,124.037486721725
2019-11-28,52.287527617634495
2019-11-29,29.968183946425064
2019-11-30,79.69836449724838
2019-12-01,123.99676092386326
2019-12-02,-2.247009953668581
2019-12-03,9.57285029383241
2019-12-04,30.766537274531693
2019-12-05,125.03191873560456
2019-12-06,82.1410762974366
2019-12-07,177.1076705285222
2019-12-08,117.42228629155579
2019-12-09,68.94524115651649
2019-12-10,134.0538919044383
2019-12-11,81.47485063659391
2019-12-12,35.75393237462775
2019-12-13,105.0987422122551
2019-12-14,36.38366730694586
2019-12-15,56.78014495980666
2019-12-16,137.78913479789915
2019-12-17,66.43592568913003
2019-12-18,31.442930632918575
2019-12-19,48.48311542822542
2019-12-20,122.88952927943365
2019-12-21,44.272966329163545
2019-12-22,52.65645765746767
2019-12-23,46.58536301831857
2019-12-24,81.3962747170155
2019-12-25,53.02551198121958
2019-12-26,-7.691802448626845
2019-12-27,28.140952907747987
2019-12-28,25.96054792467808
2019-12-29,134.86596922275774
2019-12-30,113.43370210545211
2019-12-31,102.2629689699913
2020-01-01,47.732084136779505
2020-01-02,32.31042290030143
2020-01-03,47.82411991713215
2020-01-04,20.705994872416298
2020-01-05,198.26001957935034
2020-01-06,-38.76608241857011
2020-01-07,101.80042675369045
2020-01-08,9.472385100373643
2020-01-09,68.58282542526537
2020-01-10,24.499902875313282
2020-01-11,15.118551875868462
2020-01-12,17.090184953251914
2020-01-13,161.94930768710293
2020-01-14,67.6505788845204
2020-01-15,36.11489027609569
2020-01-16,102.28934820414365
2020-01-17,75.11746572831497
2020-01-18,110.70168796708265
2020-01-19,-16.412832796891493
2020-01-20,90.08019522310008
2020-01-21,113.63474185511909
2020-01-22,-7.979914555728186
2020-01-23,97.60976422116562
2020-01-24,160.10907864140802
2020-01-25,74.65711483226487
2020-01-26,116.57029685124056
2020-01-27,109.12852251554548
2020-01-28,40.324715124471155
2020-01-29,77.78833672932475
2020-01-30,-2.4497355430801235
2020-01-31,53.4348481448737
2020-02-01,89.3843987483118
2020-02-02,112.35502468688992
2020-02-03,77.53060626239558
2020-02-04,112.39918650715828
2020-02-05,21.354689352231517
2020-02-06,71.51513627225641
2020-02-07,77.66396922565386
2020-02-08,169.2795623339818
2020-02-09,66.1916671899958
2020-02-10,52.049168100290856
2020-02-11,78.16756119217743
2020-02-12,31.24432775650282
2020-02-13,86.93769245326081
2020-02-14,59.14723917268712
2020-02-15,-12.066377402059189
2020-02-16,74.67067244330696
2020-02-17,61.82284530349004
2020-02-18,-3.821165103399167
2020-02-19,74.54329226927392
2020-02-20,152.46779810372402
2020-02-21,104.16518741378567
2020-02-22,108.7963596365579
2020-02-23,11.225163720847874
2020-02-24,102.24491844611113
2020-02-25,85.9224790690039
2020-02-26,105.05226191672158
2020-02-27,99.83143108544128
2020-02-28,10.810963724809312
2020-02-29,76.82995942210164
2020-03-01,41.1064569787417
2020-03-02,76.5957952857589
2020-03-03,34.32995365490848
2020-03-04,144.92351835704983
2020-03-05,36.45138057778289
2020-03-06,34.5528921767232
2020-03-07,83.32932032717767
2020-03-08,25.845046529800264
2020-03-09,58.566834878356715
2020-03-10,38.40177012310191
2020-03-11,150.55860319448058
2020-03-12,119.39019134155862
2020-03-13,77.32652407673027
2020-03-14,60.739147391299184
2020-03-15,127.44588072875567
2020-03-16,100.7602040161444
2020-03-17,105.50262023414282
2020-03-18,79.39038813278748
2020-03-19,-3.611501388571611
2020-03-20,75.27670087202237
2020-03-21,54.37550403954661
2020-03-22,113.35276367299383
2020-03-23,131.79212164970946
2020-03-24,48.402447761941566
2020-03-25,104.81926171385258
2020-03-26,168.29394988428567
2020-03-27,48.214363971472046
2020-03-28,165.79608700365688
2020-03-29,39.170707641467644
2020-03-30,83.04798778039758
2020-03-31,81.44271940790794
2020-04-01,82.67494499350312
2020-04-02,40.31609790460274
2020-04-03,52.740844811778516
2020-04-04,49.01398568203004
2020-04-05,98.84812977022287
2020-04-06,99.10175572551557
2020-04-07,193.99721658691294
2020-04-08,151.34945031455607
2020-04-09,57.40783789307605
2020-04-10,99.2434807898093
2020-04-11,132.95589903958796
2020-04-12,84.7300912169259
2020-04-13,79.81792107765322
2020-04-14,85.97874713849446
2020-04-15,126.8638314404214
2020-04-16,41.183973859738366
2020-04-17,67.4165265589913
2020-04-18,107.3216572423241
2020-04-19,99.47235357770778
2020-04-20,95.97913799281957
2020-04-21,65.60994168480983
2020-04-22,132.82678945712684
2020-04-23,190.99341236022687
2020-04-24,104.72077468381032
2020-04-25,74.841164922508
2020-04-26,122.38701444472713
2020-04-27,57.74336816235051
2020-04-28,47.31548276485516
2020-04-29,86.5404373806856
2020-04-30,-44.13983164849722
2020-05-01,27.402481817399526
2020-05-02,67.80190720395771
2020-05-03,17.630557092614325
2020-05-04,33.767844905393524
2020-05-05,63.66258312709963
2020-05-06,3.451735323469535
2020-05-07,65.3964101870084
2020-05-08,59.036491773357774
2020-05-09,87.17026041925081
2020-05-10,143.70920152470097
2020-05-11,94.72522082464329
2020-05-12,87.25310106710319
2020-05-13,91.27272285153559
2020-05-14,97.76963875605642
2020-05-15,35.663067569511554
2020-05-16,80.86123376146008
2020-05-17,102.13756209183066
2020-05-18,18.26200087284697
2020-05-19,130.18264614079266
2020-05-20,141.06880172290948
2020-05-21,55.531200577530555
2020-05-22,75.13311042734477
2020-05-23,43.39048285949634
2020-05-24,122.36902417939086
2020-05-25,34.43888562770454
2020-05-26,76.47614948785397
2020-05-27,44.75400460961642
2020-05-28,90.34771385056447
2020-05-29,-1.8114635744860408
2020-05-30,154.32308211828467
2020-05-31,39.869678789686795
2020-06-01,91.1947341558138
2020-06-02,77.67384776148454
2020-06-03,50.2942744038751
2020-06-04,44.11099316820323
2020-06-05,135.41992717762298
2020-06-06,62.41797034490302
2020-06-07,102.35850923186554
2020-06-08,48.82515573028127
2020-06-09,56.640928407611966
2020-06-10,112.71235750439243
2020-06-11,135.7204248055558
2020-06-12,80.534179883649
2020-06-13,18.304006417978158
2020-06-14,189.39780398750025
2020-06-15,46.77253458828952
2020-06-16,12.62063001641063
2020-06-17,219.52122938840762
2020-06-18,69.69838530745315
2020-06-19,16.9133655869296
2020-06-20,55.92801166056591
2020-06-21,108.57724480111345
2020-06-22,99.81557787969697
2020-06-23,47.81354013732051
2020-06-24,181.63618000639798
2020-06-25,64.52101610033134
2020-06-26,31.4656704794224
2020-06-27,138.83466992303298
2020-06-28,157.35314232698414
2020-06-29,50.12534511918868
2020-06-30,21.032635348034475
2020-07-01,142.72191337078024
2020-07-02,-11.066180652898083
2020-07-03,30.06891703016923
2020-07-04,139.87230750251175
2020-07-05,88.83237259888051
2020-07-06,78.50313257036561
2020-07-07,109.44083032471892
2020-07-08,84.26127882272957
2020-07-09,27.06566389184549
2020-07-10,155.90376730030937
2020-07-11,158.45070264434077
2020-07-12,102.56662818889798
2020-07-13,94.65670077160053
2020-07-14,209.4812403010029
2020-07-15,78.77835774920814
2020-07-16,79.72115090829803
2020-07-17,111.02406246202527
2020-07-18,166.4660978071169
2020-07-19,172.63853772087418
2020-07-20,80.17136841616143
2020-07-21,108.61656229796726
2020-07-22,24.395826646796138
2020-07-23,77.80119460418936
2020-07-24,51.485480226034674
2020-07-25,43.2584123850508
2020-07-26,177.77883581336638
2020-07-27,54.18566690969275
2020-07-28,67.31970459942727
2020-07-29,112.2924393958429
2020-07-30,158.99126334867927
2020-07-31,118.25575631944177
2020-08-01,232.26775570107912
2020-08-02,90.66660108744253
2020-08-03,107.4358220114873
2020-08-04,108.38003369920281
2020-08-05,166.4524693394577
2020-08-06,120.16194755548077
2020-08-07,89.08851498064256
2020-08-08,47.625570254656026
2020-08-09,107.32217279808162
2020-08-10,165.26724156459798
2020-08-11,74.78091031710647
2020-08-12,121.84718092082912
2020-08-13,107.80738943424221
2020-08-14,138.7759829190657
2020-08-15,55.46231296810654
2020-08-16,213.13235152632808
2020-08-17,31.941944648587096
2020-08-18,77.72244550069814
2020-08-19,143.00462704528226
2020-08-20,111.03665862470567
2020-08-21,137.79930795405517
2020-08-22,71.59488330087189
2020-08-23,92.75975086598295
2020-08-24,97.21159918194087
2020-08-25,175.16298072679524
2020-08-26,131.32145121915244
2020-08-27,136.73360541823357
2020-08-28,64.10369537316024
2020-08-29,145.54413192815252
2020-08-30,108.47908317844018
2020-08-31,166.75726578389637
2020-09-01,198.1030077459234
2020-09-02,82.16171119864977
2020-09-03,77.28484347774688
2020-09-04,54.497750444881525
2020-09-05,90.62102441418396
2020-09-06,78.79872755248083
2020-09-07,115.97521997855051
2020-09-08,90.8716591533132
2020-09-09,80.12003596091901
2020-09-10,151.5292568063926
2020-09-11,51.50598844242742
2020-09-12,120.15539765756718
2020-09-13,78.30291364057582
2020-09-14,134.91842524349823
2020-09-15,168.06307733611152
2020-09-16,83.74508732879637
2020-09-17,121.05164536365757
2020-09-18,108.03964328665899
2020-09-19,59.228880022845175
2020-09-20,111.33937548709692
2020-09-21,113.85602526394061
2020-09-22,120.14354102230874
2020-09-23,89.6800551589977
2020-09-24,104.40961501550733
2020-09-25,42.41945275784323
2020-09-26,81.99429622600717
2020-09-27,127.7981339854899
2020-09-28,144.72369436657652
2020-09-29,79.08425879373647
2020-09-30,105.53570147166421
2020-10-01,111.80266625620337
2020-10-02,110.57399733522165
2020-10-03,127.6386792650195
2020-10-04,9.796118480821534
2020-10-05,98.33379649262137
2020-10-06,112.85168006233825
2020-10-07,50.983482552314726
2020-10-08,184.7992853505355
2020-10-09,109.2779633619084
2020-10-10,179.47023725144646
2020-10-11,61.87384890834615
2020-10-12,56.134993923733646
2020-10-13,112.81261104828408
2020-10-14,17.765581858567174
2020-10-15,112.54827953130467
2020-10-16,106.7609616001459
2020-10-17,152.78326407710506
2020-10-18,137.15206705825486
2020-10-19,81.3261325057483
2020-10-20,47.42516726148776
2020-10-21,188.01526106716483
2020-10-22,62.8942489717425
2020-10-23,50.32377214652671
2020-10-24,48.457197026927744
2020-10-25,158.66526577683322
2020-10-26,76.95498977875741
2020-10-27,65.31477669096995
2020-10-28,109.98449129516736
2020-10-29,92.85276447213545
2020-10-30,69.39522696068765
2020-10-31,141.099573348924
2020-11-01,156.76577460489975
2020-11-02,152.86587544699336
2020-11-03,142.04598348305996
2020-11-04,123.93127655650176
2020-11-05,15.105600001908556
2020-11-06,187.46254031884843
2020-11-07,119.19946051787764
2020-11-08,134.60782138003208
2020-11-09,160.0481161473701
2020-11-10,176.0676251440996
2020-11-11,125.41990056545963
2020-11-12,126.37730796478267
2020-11-13,74.73878612701404
2020-11-14,106.454487556938
2020-11-15,62.19193695928228
2020-11-16,69.00297339290526
2020-11-17,60.42127988429043
2020-11-18,97.39880545013564
2020-11-19,157.7546593960005
2020-11-20,263.948738664509
2020-11-21,114.97498187739568
2020-11-22,38.179345612194
2020-11-23,168.94916649281282
2020-11-24,90.76080617619864
2020-11-25,72.8695703011504
2020-11-26,116.49247389615276
2020-11-27,44.068770022188616
2020-11-28,117.32315820043034
2020-11-29,101.88122384004225
2020-11-30,111.31889534077379
2020-12-01,125.57081271045854
2020-12-02,109.97461286204033
2020-12-03,107.51690420564462
2020-12-04,121.01572594989722
2020-12-05,127.67003130855635
2020-12-06,55.425876984237114
2020-12-07,35.600437065727576
2020-12-08,104.11809739138927
2020-12-09,35.6632255032946
2020-12-10,111.77657354608355
2020-12-11,154.4373437841155
2020-12-12,137.9555835958023
2020-12-13,55.291479658726345
2020-12-14,64.78687740212405
2020-12-15,124.31506475003778
2020-12-16,87.9351097433245
2020-12-17,92.26723524739465
2020-12-18,138.0453240623977
2020-12-19,58.93566532711738
2020-12-20,88.33826450444089
2020-12-21,68.49587619576994
2020-12-22,56.443525098232215
2020-12-23,65.84609056644177
2020-12-24,142.6731084673206
2020-12-25,111.49101947412109
2020-12-26,65.04196855824625
2020-12-27,97.54491962035017
2020-12-28,27.25963464389112
2020-12-29,72.63435962081671
2020-12-30,216.87872674336433
2020-12-31,104.98780751671246
2021-01-01,146.1829463515196
2021-01-02,106.42558124277585
2021-01-03,127.20846176209042
2021-01-04,143.0629044839587
2021-01-05,54.76917012367646
2021-01-06,108.55318713630204
2021-01-07,189.1432597208244
2021-01-08,70.52497249733545
2021-01-09,82.07800731338904
2021-01-10,95.11543613164991
2021-01-11,124.05120365881233
2021-01-12,136.94589318229413
2021-01-13,174.17058274093284
2021-01-14,135.874911673433
2021-01-15,107.8973437100833
2021-01-16,174.05835648054068
2021-01-17,146.4055511070791
2021-01-18,36.516024187149185
2021-01-19,237.71841201779992
2021-01-20,199.9960694098367
2021-01-21,103.18928886164629
2021-01-22,130.59550508692377
2021-01-23,178.01793749979197
2021-01-24,103.28996036515588
2021-01-25,148.51758951885097
2021-01-26,167.32892367857383
2021-01-27,61.45870461327795
2021-01-28,82.18340732085689
2021-01-29,158.47041989052906
2021-01-30,135.54072385744152
2021-01-31,158.78982801569734
2021-02-01,106.0715992673141
2021-02-02,98.34973945228835
2021-02-03,12.968026220831362
2021-02-04,55.699978674627836
2021-02-05,115.45330473292468
2021-02-06,154.4278609782118
2021-02-07,139.85891832678476
2021-02-08,106.9879012986149
2021-02-09,99.91142167546516
2021-02-10,124.458981631914
2021-02-11,117.6105590546076
2021-02-12,184.0272757469856
2021-02-13,121.2220385239125
2021-02-14,39.937701890135074
2021-02-15,50.47209324838415
2021-02-16,190.13796684817902
2021-02-17,55.74197692749598
2021-02-18,152.6248726516767
2021-02-19,101.08136323953094
2021-02-20,106.11208530487572
2021-02-21,107.99336086157899
2021-02-22,175.8692479729599
2021-02-23,105.25790857280177
2021-02-24,113.33403585774235
2021-02-25,38.55982513002536
2021-02-26,125.53452558540016
2021-02-27,141.85212534890297
2021-02-28,127.35727903268936
2021-03-01,185.39481305433677
2021-03-02,118.35856773901158
2021-03-03,130.64887280595087
2021-03-04,198.22520051340894
2021-03-05,38.39929053209261
2021-03-06,93.20873261003156
2021-03-07,187.4079376009633
2021-03-08,163.0064574155541
2021-03-09,150.2190049420235
2021-03-10,158.03253697322393
2021-03-11,132.8533104560511
2021-03-12,198.17987137661356
2021-03-13,135.5879584865359
2021-03-14,128.79335529476393
2021-03-15,124.84793370628216
2021-03-16,126.6431977775193
2021-03-17,59.249135959206605
2021-03-18,155.73365272316715
2021-03-19,110.77801331083363
2021-03-20,208.49575489302032
2021-03-21,113.71747647057886
2021-03-22,138.6459142087828
2021-03-23,130.03010931306673
2021-03-24,86.52214824453733
2021-03-25,167.5068414259253
2021-03-26,213.25318202800088
2021-03-27,117.36113901700776
2021-03-28,103.17606072072888
2021-03-29,100.54856344723129
2021-03-30,23.78190533413293
2021-03-31,109.60934281484937
2021-04-01,131.1499058004162
2021-04-02,171.43789625901414
2021-04-03,166.8023870574964
2021-04-04,98.07504587816538
2021-04-05,105.15885026130559
2021-04-06,175.29526528072194
2021-04-07,110.52680514635605
2021-04-08,93.79852301221915
2021-04-09,189.0259224717136
2021-04-10,171.3792833525317
2021-04-11,120.53958958871289
2021-04-12,90.01112761106663
2021-04-13,19.20598403776455
2021-04-14,149.3851802787362
2021-04-15,75.181513872391
2021-04-16,21.963399542962392
2021-04-17,199.4410263674509
2021-04-18,152.69838955049443
2021-04-19,63.44959034415174
2021-04-20,59.77993085203705
2021-04-21,164.14808910858096
2021-04-22,76.8014691732065
2021-04-23,185.60749337639416
2021-04-24,151.72296563130777
2021-04-25,147.8298260283412
2021-04-26,141.334772780715
2021-04-27,130.7725436011956
2021-04-28,165.32555995885554
2021-04-29,98.69598187421975
2021-04-30,125.79759867171923
2021-05-01,159.19732938385977
2021-05-02,149.84948592930638
2021-05-03,62.050659736566985
2021-05-04,96.87951663478681
2021-05-05,134.64017527095774
2021-05-06,101.69926454800515
2021-05-07,210.93292804866667
2021-05-08,102.64234026229435
2021-05-09,114.28907762116546
2021-05-10,160.9715089088652
2021-05-11,139.12663716174578
2021-05-12,115.43627713976154
2021-05-13,84.97532355596258
2021-05-14,137.9757028698383
2021-05-15,174.95482201891963
2021-05-16,147.05476120491142
2021-05-17,84.29082392719388
2021-05-18,210.13874784883552
2021-05-19,51.071105498205284
2021-05-20,44.36571790986055
2021-05-21,171.6278612228614
2021-05-22,134.9920239301345
2021-05-23,96.32507268479799
2021-05-24,68.97146362223353
2021-05-25,240.03999196401492
2021-05-26,129.95454360777208
2021-05-27,150.91005854228857
2021-05-28,140.1942548619091
2021-05-29,146.1403978865579
2021-05-30,151.5047230262403
2021-05-31,161.2212004877438
2021-06-01,105.93887996196636
2021-06-02,110.21790068240777
2021-06-03,37.84885958205493
2021-06-04,85.98477967492303
2021-06-05,138.65563982233573
2021-06-06,177.45116877513453
2021-06-07,155.2519763188092
2021-06-08,108.36538280610348
2021-06-09,62.341354395742286
2021-06-10,-13.267957271371671
2021-06-11,183.28669873903996
2021-06-12,96.33855067449251
2021-06-13,103.47674968979705
2021-06-14,132.57869839540342
2021-06-15,55.821997630405505
2021-06-16,108.71089099442315
2021-06-17,227.47359748849868
2021-06-18,151.66934692886713
2021-06-19,144.46245782567283
2021-06-20,47.47527610091207
2021-06-21,238.88009472913203
2021-06-22,55.66025456868286
2021-06-23,223.01623777221994
2021-06-24,21.247199240609632
2021-06-25,197.368271936221
2021-06-26,208.10271345001127
2021-06-27,86.07954393360826
2021-06-28,148.52901861364415
2021-06-29,154.87402860523326
2021-06-30,86.9102758384347
2021-07-01,55.24411946315348
2021-07-02,61.914132842961735
2021-07-03,154.9504109979904
2021-07-04,123.74421987402971
2021-07-05,99.88494833489197
2021-07-06,176.538400558323
2021-07-07,153.7033954695739
2021-07-08,90.62686368171833
2021-07-09,68.43992404913054
2021-07-10,154.76308693440384
2021-07-11,101.82083157209689
2021-07-12,133.76024312657512
2021-07-13,207.71494863138588
2021-07-14,154.116412003739
2021-07-15,85.98665001233816
2021-07-16,137.23305949098864
2021-07-17,81.66775235923063
2021-07-18,209.82610779743618
2021-07-19,101.42106251983896
2021-07-20,139.96353734868092
2021-07-21,145.0866287339716
2021-07-22,137.76252341868513
2021-07-23,31.97255224317307
2021-07-24,57.67894680083357
2021-07-25,107.48248622154541
2021-07-26,146.17159166657652
2021-07-27,123.41103928571148
2021-07-28,82.54262634244917
2021-07-29,63.07878404391495
2021-07-30,110.52212277503281
2021-07-31,107.27619776601384
2021-08-01,156.44182287963784
2021-08-02,114.5840768920841
2021-08-03,161.13538282146646
2021-08-04,101.36751151397972
2021-08-05,118.40211653928657
2021-08-06,113.89768101786905
2021-08-07,92.28165165489551
2021-08-08,162.7559328216865
2021-08-09,90.92020014527463
2021-08-10,105.61792450146905
2021-08-11,128.14401770259016
2021-08-12,67.03101720216301
2021-08-13,115.75325208397504
2021-08-14,96.53468201286057
2021-08-15,112.79229037588752
2021-08-16,129.30359986644547
2021-08-17,92.40431884296677
2021-08-18,121.49621100898221
2021-08-19,198.03343761760897
2021-08-20,131.41007208727564
2021-08-21,190.06310865096125
2021-08-22,150.22472210033806
2021-08-23,171.7080304909408
2021-08-24,94.3770515614587
2021-08-25,138.44535825427562
2021-08-26,139.99564613077382
2021-08-27,102.76871305625322
2021-08-28,92.3585837852859
2021-08-29,59.08673060463508
2021-08-30,208.50698184758159
2021-08-31,85.17985553237513
2021-09-01,201.21105366111502
2021-09-02,110.62534131710733
2021-09-03,90.9753350137633
2021-09-04,165.32595701524988
2021-09-05,102.74040291265716
2021-09-06,162.82294594621385
2021-09-07,117.85941175738952
2021-09-08,158.62122480588934
2021-09-09,86.29069680464474
2021-09-10,176.36755289923843
2021-09-11,159.29863413315024
2021-09-12,89.01746549686692
2021-09-13,267.2467860507371
2021-09-14,162.2061513200247
2021-09-15,249.82335352652694
2021-09-16,215.41339093743795
2021-09-17,126.0582609891108
2021-09-18,114.98641226977284
2021-09-19,115.52704082895993
2021-09-20,44.2985724786095
2021-09-21,101.10824403252263
2021-09-22,148.33830119899852
2021-09-23,212.39787804424043
2021-09-24,97.56140585108989
2021-09-25,180.40282996815054
2021-09-26,73.77033292483405
2021-09-27,107.18399873944338
2021-09-28,113.71797028552369
2021-09-29,155.29055407487465
2021-09-30,159.66548233604058
2021-10-01,185.01708724071727
2021-10-02,175.54184802024685
2021-10-03,149.25841077012458
2021-10-04,156.71824717543112
2021-10-05,216.72653455487665
2021-10-06,111.85369093838685
2021-10-07,176.23641595335812
2021-10-08,47.19280367508742
2021-10-09,158.26671214488042
2021-10-10,113.63752287604464
2021-10-11,138.0285591215755
2021-10-12,190.00431225268517
2021-10-13,146.33219047631988
2021-10-14,182.45937706044634
2021-10-15,211.98824075692025
2021-10-16,157.85469844328603
2021-10-17,197.05205323102442
2021-10-18,122.27195111603962
2021-10-19,138.2895058865193
2021-10-20,112.66902918007611
2021-10-21,191.0488797323188
2021-10-22,159.70456768967975
2021-10-23,113.73827690525387
2021-10-24,146.93344168231658
2021-10-25,191.3784194409291
2021-10-26,137.43660044810235
2021-10-27,92.05335945751183
2021-10-28,146.1955877893706
2021-10-29,40.67172044655301
2021-10-30,178.23853221997376
2021-10-31,118.83362063376597
2021-11-01,116.53446318604466
2021-11-02,183.88478393897532
2021-11-03,71.94185613874156
2021-11-04,237.65493214101792
2021-11-05,116.38789791308884
2021-11-06,114.33745283075524
2021-11-07,191.66123715835815
2021-11-08,176.1347636555213
2021-11-09,263.3614859537538
2021-11-10,130.339700818424
2021-11-11,134.9796680667795
2021-11-12,67.13420100183731
2021-11-13,124.59488613255873
2021-11-14,105.22843522141221
2021-11-15,118.96164934472505
2021-11-16,54.29061217230225
2021-11-17,224.63037799472568
2021-11-18,70.86982587871796
2021-11-19,1.6898600804143484
2021-11-20,82.47877892084904
2021-11-21,111.80802236019245
2021-11-22,84.62229683714409
2021-11-23,197.1151770366256
2021-11-24,135.4080410701953
2021-11-25,143.66928022032295
2021-11-26,173.01958821527063
2021-11-27,156.9006263489059
2021-11-28,191.62836487230214
2021-11-29,87.32612231819274
2021-11-30,115.52409496602841
2021-12-01,176.2983573034769
2021-12-02,16.372276895788502
2021-12-03,74.44077603413795
2021-12-04,168.34961160899735
2021-12-05,119.38754825025373
2021-12-06,190.30537750548487
2021-12-07,184.05901484265814
2021-12-08,83.79535599044809
2021-12-09,164.13285437334406
2021-12-10,203.98489278337533
2021-12-11,151.3717200825486
2021-12-12,95.22675613770653
2021-12-13,188.16949709566848
2021-12-14,176.07122632769978
2021-12-15,171.53053917493983
2021-12-16,180.2969446718496
2021-12-17,-5.130643011380954
2021-12-18,188.74687805404858
2021-12-19,235.20659052894877
2021-12-20,166.73192373146466
2021-12-21,154.63644982498633
2021-12-22,179.92193366957196
2021-12-23,162.11127368425576
2021-12-24,177.8890630850308
2021-12-25,145.47355001227055
2021-12-26,107.16475727315498
2021-12-27,95.38386438926932
2021-12-28,95.79041358840678
2021-12-29,77.14787245245525
2021-12-30,92.51289944904468
2021-12-31,234.06330637099316
2022-01-01,183.80478318281212
2022-01-02,114.94863046576643
2022-01-03,126.78036530072461
2022-01-04,152.02787654532273
2022-01-05,113.7227485257821
2022-01-06,149.97584285871625
2022-01-07,185.58020689514558
2022-01-08,145.01286332259133
2022-01-09,163.70078713309962
2022-01-10,191.3245769679808
2022-01-11,133.4934121990896
2022-01-12,161.43952995671816
2022-01-13,131.83112035583196
2022-01-14,145.9735565082792
2022-01-15,131.263486745852
2022-01-16,121.15650732219423
2022-01-17,156.38559264935117
2022-01-18,176.12726579091063
2022-01-19,155.21522230005223
2022-01-20,172.9363479155966
2022-01-21,111.2034109879385
2022-01-22,88.01324039001102
2022-01-23,169.1521751483802
2022-01-24,182.79406955873773
2022-01-25,150.99286332999114
2022-01-26,216.00178902123594
2022-01-27,194.08493989939493
2022-01-28,282.82854203845005
2022-01-29,138.85957430021674
2022-01-30,99.05756019523159
2022-01-31,112.09316046302432
2022-02-01,120.92510968126717
2022-02-02,173.10156917190574
2022-02-03,41.496571801937165
2022-02-04,215.42755090454182
2022-02-05,137.63517044288278
2022-02-06,137.3603221105624
2022-02-07,95.83284169875026
2022-02-08,144.188722427491
2022-02-09,150.66198838337667
2022-02-10,144.00275361998612
2022-02-11,167.15296279712152
2022-02-12,120.81839790244852
2022-02-13,105.60921197945865
2022-02-14,177.916406524899
2022-02-15,155.53337269078978
2022-02-16,160.55905275986837
2022-02-17,203.75136272209832
2022-02-18,99.77178043696571
2022-02-19,108.2379771374568
2022-02-20,213.9609825414497
2022-02-21,77.05583212129787
2022-02-22,85.8293926834493
2022-02-23,192.2930915592498
2022-02-24,163.41000960110193
2022-02-25,156.86160685296377
2022-02-26,147.11702959498083
2022-02-27,153.3633773513785
2022-02-28,147.29439426540222
2022-03-01,219.7721351297209
2022-03-02,132.19259356249623
2022-03-03,144.13132318611102
2022-03-04,242.02244026125368
2022-03-05,153.7754851014918
2022-03-06,264.1008194762589
2022-03-07,147.3510149490523
2022-03-08,221.07074912300791
2022-03-09,70.03279808451612
2022-03-10,160.58222304078333
2022-03-11,73.77632184245323
2022-03-12,195.3227153302293
2022-03-13,92.55660918954875
2022-03-14,167.4884777191673
2022-03-15,139.29020616547825
2022-03-16,95.58984074079856
2022-03-17,72.63200085512287
2022-03-18,128.1479768209945
2022-03-19,240.83147229476657
2022-03-20,139.22574725553113
2022-03-21,199.8610771057928
2022-03-22,151.24785661689057
2022-03-23,198.0363386845226
2022-03-24,62.95443108477413
2022-03-25,134.24058465752333
2022-03-26,201.97027618966092
2022-03-27,146.43725255834107
2022-03-28,150.37723586444764
2022-03-29,133.27690440571035
2022-03-30,212.36896916835622
2022-03-31,169.8757176977473
2022-04-01,157.30111380876738
2022-04-02,187.35272726696462
2022-04-03,184.71124645589686
2022-04-04,166.02935232187684
2022-04-05,232.85157484954223
2022-04-06,152.58562331804404
2022-04-07,169.6040523983972
2022-04-08,123.6523723323555
2022-04-09,163.40576135030648
2022-04-10,235.38807618726838
2022-04-11,123.93711991056306
2022-04-12,99.52035871807705
2022-04-13,206.1379821409908
2022-04-14,148.96169238831604
2022-04-15,161.3002102484885
2022-04-16,154.34433481533324
2022-04-17,160.65608619647674
2022-04-18,199.32653417617192
2022-04-19,114.94379047003632
2022-04-20,106.41129579472558
2022-04-21,161.3484068518854
2022-04-22,76.87801552750835
2022-04-23,88.64732319790359
2022-04-24,250.73415741658135
2022-04-25,195.3734165030702
2022-04-26,157.09717640654927
2022-04-27,219.600346797922
2022-04-28,105.77003849574277
2022-04-29,142.11984383070708
2022-04-30,189.1726804712191
2022-05-01,202.63358407156971
2022-05-02,183.84584234138882
2022-05-03,31.23805961558878
2022-05-04,109.9958941167711
2022-05-05,182.35340461784327
2022-05-06,140.80242534765966
2022-05-07,285.7115810379586
2022-05-08,205.12791504835485
2022-05-09,186.8040940309333
2022-05-10,103.15252231266382
2022-05-11,157.3351630198542
2022-05-12,171.2601982109476
2022-05-13,215.68918150639013
2022-05-14,203.45655485498162
2022-05-15,211.14945972599727
2022-05-16,113.4043992094999
2022-05-17,230.3075849149315
2022-05-18,90.77846238463655
2022-05-19,133.1042719166919
2022-05-20,181.5385567472821
2022-05-21,152.60542041334304
2022-05-22,109.89815710398041
2022-05-23,119.22250871984338
2022-05-24,82.98728385754788
2022-05-25,187.09873195035956
2022-05-26,223.62844225210745
2022-05-27,155.6803248299317
2022-05-28,140.78255924932884
2022-05-29,87.28385357667553
2022-05-30,206.6600962126089
2022-05-31,271.6652166619747
2022-06-01,71.32720978165511
2022-06-02,108.12835309226966
2022-06-03,127.4203478727928
2022-06-04,133.28410451587555
2022-06-05,172.96729750717404
2022-06-06,242.41247736401135
2022-06-07,212.2298643430052
2022-06-08,188.2798691387158
2022-06-09,125.8035647970699
2022-06-10,106.11858831597728
2022-06-11,122.36123468468494
2022-06-12,239.70334006893694
2022-06-13,159.31283492710494
2022-06-14,140.15818731686895
2022-06-15,153.41221348750037
2022-06-16,203.93091098192338
2022-06-17,97.15751627251042
2022-06-18,233.64370679612114
2022-06-19,170.82381284731494
2022-06-20,152.2828010852137
2022-06-21,185.34230568733693
2022-06-22,174.21985365649687
2022-06-23,146.19017717663095
2022-06-24,150.86446639791967
2022-06-25,120.15687265670238
2022-06-26,196.5195375429651
2022-06-27,137.2003095294419
2022-06-28,116.08707887838587
2022-06-29,172.29317613267688
2022-06-30,230.55706413727768
2022-07-01,161.78276881100902
2022-07-02,133.8949371524155
2022-07-03,184.5948010417987
2022-07-04,261.3356231201276
2022-07-05,92.00472352841263
2022-07-06,183.81013938926466
2022-07-07,175.0543312615927
2022-07-08,222.97669017795587
2022-07-09,214.54545868424225
2022-07-10,155.76454440951102
2022-07-11,80.97413722875585
2022-07-12,205.62818839481298
2022-07-13,123.64036549042585
2022-07-14,118.16297945214052
2022-07-15,223.0175290345563
2022-07-16,120.15748111806737
2022-07-17,235.94223700501217
2022-07-18,182.69223607026566
2022-07-19,181.95592000431412
2022-07-20,181.46323902527953
2022-07-21,84.27881871291038
2022-07-22,77.48056918267122
2022-07-23,177.17765268943424
2022-07-24,194.900367961321
2022-07-25,170.73055160781004
2022-07-26,125.62327414902362
2022-07-27,167.74610519410976
2022-07-28,162.7982923427258
2022-07-29,119.14209508622949
2022-07-30,217.79860770560805
2022-07-31,80.6861969224957
2022-08-01,196.73712034037533
2022-08-02,186.61617026056228
2022-08-03,217.98559274058573
2022-08-04,117.33440638255706
2022-08-05,172.77035733341054
2022-08-06,276.35824746590833
2022-08-07,201.00371444998532
2022-08-08,173.02906043644816
2022-08-09,195.05806370570983
2022-08-10,172.50884211900598
2022-08-11,277.844900661992
2022-08-12,217.581809789459
2022-08-13,164.21925228847513
2022-08-14,181.21657156922606
2022-08-15,149.16010019594933
2022-08-16,229.29250632051526
2022-08-17,98.59476143044947
2022-08-18,88.76307350695065
2022-08-19,242.03573748379966
2022-08-20,276.85598962852913
2022-08-21,192.7152453844796
2022-08-22,175.03689706178687
2022-08-23,202.36338451523886
2022-08-24,137.24732368086202
2022-08-25,178.2621772576106
2022-08-26,171.74543529281075
2022-08-27,201.22821253726804
2022-08-28,92.10007359083018
2022-08-29,144.74826151173312
2022-08-30,212.44978015004185
2022-08-31,136.52030861849687
2022-09-01,120.73193122884324
2022-09-02,272.6036074913477
2022-09-03,172.50590000897
2022-09-04,141.7540930028396
2022-09-05,86.18147812629459
2022-09-06,207.3673173140213
2022-09-07,205.95680768593468
2022-09-08,156.16201997150318
2022-09-09,116.08849045464547
2022-09-10,170.07252881788105
2022-09-11,129.60719662591893
2022-09-12,124.3953205563442
2022-09-13,166.4393624269146
2022-09-14,119.13048006699677
2022-09-15,184.13244776262232
2022-09-16,202.29962547031988
2022-09-17,130.01837764134044
2022-09-18,103.68774523308046
2022-09-19,250.26397994779035
2022-09-20,125.28648820213976
2022-09-21,139.40286474488312
2022-09-22,183.15085837149437
2022-09-23,202.56846862611485
2022-09-24,159.88415531551786
2022-09-25,195.8397163850628
2022-09-26,152.85069210517995
2022-09-27,124.44146675878046
2022-09-28,244.41584303935136
2022-09-29,297.6220807165564
2022-09-30,258.09847665070845
2022-10-01,180.49033195767274
2022-10-02,265.1717680907839
2022-10-03,191.38517578619923
2022-10-04,149.83568647983853
2022-10-05,197.11897871909895
2022-10-06,169.18037467944075
2022-10-07,124.84409081271461
2022-10-08,129.1839014283992
2022-10-09,214.30258693702578
2022-10-10,81.97340091676637
2022-10-11,204.60683702213421
2022-10-12,93.02081986257808
2022-10-13,68.54117775487819
2022-10-14,82.75766981207506
2022-10-15,273.13819859673697
2022-10-16,165.0883017528229
2022-10-17,179.32915900827095
2022-10-18,246.06275229554757
2022-10-19,221.90898742498624
2022-10-20,105.72473652978903
2022-10-21,218.85031714093805
2022-10-22,184.70906323517733
2022-10-23,158.51609512020596
2022-10-24,176.91454570688902
2022-10-25,239.7906010314011
2022-10-26,131.60167589795236
2022-10-27,196.04428395520605
2022-10-28,175.6171381733546
2022-10-29,86.34176923021907
2022-10-30,136.18734141345948
2022-10-31,186.06067766168482
2022-11-01,241.36710445464453
2022-11-02,226.66655086733647
2022-11-03,206.56062522017123
2022-11-04,136.03621694317707
2022-11-05,266.96069954042673
2022-11-06,187.76202338198058
2022-11-07,126.78172391607248
2022-11-08,168.05475095715244
2022-11-09,222.11242126780797
2022-11-10,177.7808749159079
2022-11-11,221.84323432913806
2022-11-12,232.78469787310752
2022-11-13,197.72653422993528
2022-11-14,134.9148688476553
2022-11-15,184.67273315949905
2022-11-16,180.25829279694156
2022-11-17,271.0673166925814
2022-11-18,96.88390310865849
2022-11-19,171.55887744528232
2022-11-20,149.19532266025405
2022-11-21,195.25528100979994
2022-11-22,56.721782040032195
2022-11-23,234.446227974514
2022-11-24,179.4874243667767
2022-11-25,86.6649418185977
2022-11-26,160.9443432630067
2022-11-27,209.5481170827262
2022-11-28,99.62760622709841
2022-11-29,179.4611108221578
2022-11-30,126.5263176099235
2022-12-01,151.70074840605164
2022-12-02,180.93691913373183
2022-12-03,188.8725126790788
2022-12-04,156.26287509086364
2022-12-05,193.5398194765132
2022-12-06,220.89888036274027
2022-12-07,166.154286244838
2022-12-08,251.77838787246452
2022-12-09,253.410708539021
2022-12-10,158.96489672070857
2022-12-11,148.6079721763208
2022-12-12,97.39135074169131
2022-12-13,174.3715334180305
2022-12-14,162.62811099419744
2022-12-15,219.85256100664958
2022-12-16,105.51691969658506
2022-12-17,167.2304304128445
2022-12-18,229.63721965555726
2022-12-19,144.78214522210203
2022-12-20,143.28192316361952
2022-12-21,109.15298326220957
2022-12-22,312.62869230091195
2022-12-23,144.32634109673103
2022-12-24,116.78265838908305
2022-12-25,141.707479798424
2022-12-26,143.2852459756598
2022-12-27,168.63051107743797
2022-12-28,223.46861160437572
2022-12-29,167.38384155020833
2022-12-30,136.2588342501586
2022-12-31,109.93307509044874
2023-01-01,183.69286791099356
2023-01-02,184.82695370148951
2023-01-03,259.3466175514412
2023-01-04,187.52238677349044
2023-01-05,178.04958443579613
2023-01-06,130.56730817062552
2023-01-07,167.9023712450804
2023-01-08,161.37627709826972
2023-01-09,164.89179177431487
2023-01-10,135.53723036797058
2023-01-11,210.51648016380884
2023-01-12,176.57772912453152
2023-01-13,173.78232599975064
2023-01-14,98.19769419755019
2023-01-15,208.6822043762432
2023-01-16,208.45076629901897
2023-01-17,142.2435298578893
2023-01-18,233.8060691939597
2023-01-19,116.1620884958784
2023-01-20,183.406504560546
2023-01-21,171.0396330054918
2023-01-22,118.84126055971028
2023-01-23,194.2851306039998
2023-01-24,270.0285076120896
2023-01-25,188.381711503346
2023-01-26,161.94891229454745
2023-01-27,207.5512078442839
2023-01-28,190.58599977335777
2023-01-29,186.7881065812751
2023-01-30,164.2228893614276
2023-01-31,256.6987779646232
2023-02-01,208.51816817403926
2023-02-02,159.3664670532256
2023-02-03,180.4998081609521
2023-02-04,148.95666478979638
2023-02-05,155.68544249592526
2023-02-06,154.16371379049002
2023-02-07,129.58442031388864
2023-02-08,225.2638481883978
2023-02-09,171.9479268363487
2023-02-10,214.30637891633847
2023-02-11,153.19370511363516
2023-02-12,183.78187528038308
2023-02-13,151.34797016044445
2023-02-14,222.98340852686658
2023-02-15,174.6790346647481
2023-02-16,150.6563207024307
2023-02-17,105.21483855951081
2023-02-18,201.18332746703874
2023-02-19,152.08074738309466
2023-02-20,186.81103914395024
2023-02-21,163.11349459932362
2023-02-22,235.50947904493825
2023-02-23,215.1072376179004
2023-02-24,210.36060437274156
2023-02-25,157.29394383382603
2023-02-26,211.51450217750946
2023-02-27,274.04158043380215
2023-02-28,146.7906982924969
2023-03-01,197.11695696145944
2023-03-02,106.13915127914339
2023-03-03,258.6281046062768
2023-03-04,168.90439507045795
2023-03-05,228.02894404209889
2023-03-06,102.83858746418385
2023-03-07,278.9769693562952
2023-03-08,171.35642359872006
2023-03-09,216.58286617350137
2023-03-10,196.9409103166297
2023-03-11,176.72646069061153
2023-03-12,273.88961513296516
2023-03-13,107.297689681691
2023-03-14,204.73568299960047
2023-03-15,235.43228361149852
2023-03-16,188.50719391818168
2023-03-17,184.1914607816704
2023-03-18,183.06561439632674
2023-03-19,128.91817897947962
2023-03-20,192.30636920474674
2023-03-21,216.13587617361995
2023-03-22,194.029961374033
2023-03-23,177.08619494274595
2023-03-24,166.3137488813487
2023-03-25,176.9351665360814
2023-03-26,253.88721087480192
2023-03-27,86.76825102897287
2023-03-28,193.20357282738877
2023-03-29,174.91225413517918
2023-03-30,264.19039759184216
2023-03-31,194.27461127219013
2023-04-01,265.8462799349977
2023-04-02,85.50549909772204
2023-04-03,214.77924524170282
2023-04-04,205.90289300188402
2023-04-05,261.52669835369693
2023-04-06,110.03256955884854
2023-04-07,184.4482095940837
2023-04-08,195.60301308932463
2023-04-09,167.61022527273954
2023-04-10,253.32888568714702
2023-04-11,175.66589072773013
2023-04-12,294.4381272010577
2023-04-13,245.50889544694616
2023-04-14,240.44168485018997
2023-04-15,220.96494906954422
2023-04-16,139.9152204487226
2023-04-17,171.64518312446214
2023-04-18,221.9375683428608
2023-04-19,227.27785167938586
2023-04-20,258.85919225406286
2023-04-21,170.2279495187047
2023-04-22,150.69233075376684
2023-04-23,236.75520963927653
2023-04-24,153.41867119799437
2023-04-25,237.6655918035206
2023-04-26,254.08680882075188
2023-04-27,217.00765179135277
2023-04-28,176.42104840157012
2023-04-29,196.45411130719398
2023-04-30,224.17329598016195
2023-05-01,195.10927593560368
2023-05-02,304.6148169335246
2023-05-03,145.26645346864257
2023-05-04,144.76657063151046
2023-05-05,146.15523066323374
2023-05-06,165.6210038727392
2023-05-07,86.25342399025452
2023-05-08,163.81747865299096
2023-05-09,162.73576490360557
2023-05-10,199.4257012587088
2023-05-11,216.49002916030406
2023-05-12,133.68918317961146
2023-05-13,240.80271213820362
2023-05-14,286.01211148952734
2023-05-15,185.5857448452502
2023-05-16,274.81856187377855
2023-05-17,206.14947472025938
2023-05-18,295.7365959297696
2023-05-19,252.2641732844095
2023-05-20,118.30476825801169
2023-05-21,197.53136853306776
2023-05-22,249.41624874520386
2023-05-23,198.32732905203085
2023-05-24,195.05582345774667
2023-05-25,260.4882375157152
2023-05-26,161.6072908926948
2023-05-27,198.0757806639109
2023-05-28,213.48128823045596
2023-05-29,180.71045198232179
2023-05-30,196.49354480612314
2023-05-31,236.3511631612085
2023-06-01,219.3418810749997
2023-06-02,157.36412340102333
2023-06-03,142.69380071003692
2023-06-04,158.5448909871675
2023-06-05,198.1624227894243
2023-06-06,190.20301061214784
2023-06-07,156.70212533914378
2023-06-08,168.4924773741757
2023-06-09,122.49803574039682
2023-06-10,219.4926851608663
2023-06-11,196.69906373241835
2023-06-12,135.8106328297365
2023-06-13,200.33102520938914
2023-06-14,266.1311005255177
2023-06-15,162.103207351737
2023-06-16,264.9568832860486
2023-06-17,183.12712637582882
2023-06-18,209.2914083924934
2023-06-19,204.38754012110925
2023-06-20,269.6761708002623
2023-06-21,207.62169233927656
2023-06-22,142.70492903980767
2023-06-23,134.3514814779394
2023-06-24,123.3539473284936
2023-06-25,114.50149179528893
2023-06-26,202.50675294778424
2023-06-27,152.38127598867194
2023-06-28,196.35941935281295
2023-06-29,165.30704820047765
2023-06-30,162.06078496467174
2023-07-01,176.65773295636353
2023-07-02,235.97927773216944
2023-07-03,247.35725738843456
2023-07-04,219.55862763245196
2023-07-05,151.60887252264405
2023-07-06,233.3815637726669
2023-07-07,235.74483333039663
2023-07-08,215.13236018062224
2023-07-09,171.31897819904546
2023-07-10,237.04297876835702
2023-07-11,222.84092873383307
2023-07-12,45.957170420043724
2023-07-13,234.12260167055211
2023-07-14,106.31286645692465
2023-07-15,235.27807882956907
2023-07-16,194.49638007875822
2023-07-17,261.98058403745995
2023-07-18,197.4919394397035
2023-07-19,158.16928699719438
2023-07-20,195.2323167708578
2023-07-21,255.69031474668873
2023-07-22,204.1123308930794
2023-07-23,197.18324200638116
2023-07-24,240.17767577541684
2023-07-25,213.61796833149063
2023-07-26,202.9036297083384
2023-07-27,271.6030034201666
2023-07-28,281.1557016029534
2023-07-29,234.16631131643504
2023-07-30,189.30204242574135
2023-07-31,278.54554967604133
2023-08-01,262.9559778665854
2023-08-02,239.84485827641458
2023-08-03,143.19617096270696
2023-08-04,211.13359516539805
2023-08-05,167.01639126495633
2023-08-06,196.34938742228204
2023-08-07,216.40284646483593
2023-08-08,209.50797040453116
2023-08-09,180.84124470853757
2023-08-10,268.3476874459955
2023-08-11,119.99343665842285
2023-08-12,241.40917655648073
2023-08-13,112.1258364202731
2023-08-14,224.22990683617314
2023-08-15,160.8547836858062
2023-08-16,249.21518788662652
2023-08-17,209.72262620037966
2023-08-18,217.8853189233412
2023-08-19,154.68603372165742
2023-08-20,172.9714932501208
2023-08-21,216.16086967054767
2023-08-22,235.0784963454652
2023-08-23,352.4548120881931
2023-08-24,217.24291615517433
2023-08-25,255.00187626844627
2023-08-26,128.45330337453697
2023-08-27,139.90540693329686
2023-08-28,188.7252612695774
2023-08-29,146.7286152180717
2023-08-30,281.01996267331924
2023-08-31,186.28906536098359
2023-09-01,276.00909441965695
2023-09-02,281.3391237042815
2023-09-03,209.23898599417834
2023-09-04,232.28998769038193
2023-09-05,204.49502633295486
2023-09-06,234.32185001772694
2023-09-07,231.66709258902858
2023-09-08,201.41751870539846
2023-09-09,232.94849907314202
2023-09-10,293.9848137833631
2023-09-11,243.5508114855469
2023-09-12,224.28998068203128
2023-09-13,214.33847605216062
2023-09-14,157.56634381157045
2023-09-15,156.9351561462269
2023-09-16,224.56782657401294
2023-09-17,140.03044379764214
2023-09-18,170.28362005182083
2023-09-19,272.77556701820663
2023-09-20,304.5114848531407
2023-09-21,125.60219616011409
2023-09-22,290.3324781150791
2023-09-23,198.52808545772217
2023-09-24,208.44974564843176
2023-09-25,203.6294184678633
2023-09-26,263.4272063512744
2023-09-27,129.11617104784114
2023-09-28,232.40818056775666
2023-09-29,162.45649013059943
2023-09-30,238.3394264690787
2023-10-01,287.0398169146526
2023-10-02,209.979133679369
2023-10-03,228.80775429854012
2023-10-04,230.67758891188456
2023-10-05,170.32032501647552
2023-10-06,285.98196749421595
2023-10-07,295.82341236304944
2023-10-08,245.68916860585145
2023-10-09,214.36427160038227
2023-10-10,187.70530923228577
2023-10-11,179.57548884254564
2023-10-12,296.5418291273328
2023-10-13,281.8207521364512
2023-10-14,208.0169255605225
2023-10-15,132.30347351644383
2023-10-16,69.79940650455066
2023-10-17,157.328666986786
2023-10-18,205.06898020024403
2023-10-19,281.7344517221501
2023-10-20,179.217189547111
2023-10-21,237.1407728170251
2023-10-22,277.15904808242163
2023-10-23,218.5268158428024
2023-10-24,205.0776065605579
2023-10-25,146.8618242880696
2023-10-26,152.27623458977837
2023-10-27,233.30498172079118
2023-10-28,202.55462333995365
2023-10-29,218.82656588266508
2023-10-30,210.43611421518764
2023-10-31,246.10720246793252
2023-11-01,173.76562942852775
2023-11-02,196.32096782084164
2023-11-03,308.0091114316572
2023-11-04,173.31069308071147
2023-11-05,199.3212284599949
2023-11-06,184.03066490107153
2023-11-07,235.8390681203625
2023-11-08,264.81961612210347
2023-11-09,188.88941907069454
2023-11-10,192.32928294476574
2023-11-11,200.0509197348485
2023-11-12,240.59168917374788
2023-11-13,177.23023487449024
2023-11-14,195.50200170143705
2023-11-15,95.79030642434924
2023-11-16,145.41274952525072
2023-11-17,208.97781219903558
2023-11-18,259.59320866015605
2023-11-19,229.55378916509312
2023-11-20,159.96157716663504
2023-11-21,144.98718959360292
2023-11-22,223.83400464490842
2023-11-23,132.5598178873578
2023-11-24,268.59634093584447
2023-11-25,218.59480958250893
2023-11-26,135.1339920382971
2023-11-27,167.30230705790652
2023-11-28,179.48443403844385
2023-11-29,177.14037448882806
2023-11-30,141.40334958892538
2023-12-01,172.26687390055775
2023-12-02,181.87992219297868
2023-12-03,180.63571221947808
2023-12-04,272.697831246669
2023-12-05,221.64139014136074
2023-12-06,166.83713912812237
2023-12-07,199.86891970229388
2023-12-08,172.72214513443078
2023-12-09,201.79966704941216
2023-12-10,260.67545765706916
2023-12-11,229.61353903060626
2023-12-12,331.3800590764033
2023-12-13,235.996371288374
2023-12-14,171.62027450114465
2023-12-15,257.88703654072236
2023-12-16,271.4965608571268
2023-12-17,272.3083495721972
2023-12-18,162.98795234824541
2023-12-19,210.41812927425815
2023-12-20,274.49059784142264
2023-12-21,133.76355205630296
2023-12-22,193.1291619488981
2023-12-23,146.8531157286504
2023-12-24,171.67148850514934
2023-12-25,167.77714236280968
2023-12-26,281.0284916271718
2023-12-27,206.87309825456248
2023-12-28,175.53222093291086
2023-12-29,167.01971343077528
2023-12-30,225.98335824357653
2023-12-31,218.44321863296665
2024-01-01,286.30371873367136
2024-01-02,244.20083479286512
2024-01-03,147.71011109674814
2024-01-04,187.9509646204366
2024-01-05,273.00362560354887
2024-01-06,188.54586511493113
2024-01-07,306.42860874618543
2024-01-08,164.8855284337627
2024-01-09,248.5306676520395
2024-01-10,176.93922233006793
2024-01-11,194.6202433526821
2024-01-12,275.1290824115573
2024-01-13,213.94664185807417
2024-01-14,261.07261225570534
2024-01-15,244.16452974573997
2024-01-16,258.293284178115
2024-01-17,176.29058944572432
2024-01-18,209.7212800898
2024-01-19,242.11263090504352
2024-01-20,178.54635636531697
2024-01-21,302.57500216161645
2024-01-22,182.33859789224329
2024-01-23,206.29982115311026
2024-01-24,171.07204676028812
2024-01-25,114.33459673806558
2024-01-26,311.4459261287464
2024-01-27,211.48305315484762
2024-01-28,199.40425807922298
2024-01-29,211.96424691646007
2024-01-30,292.9931986098218
2024-01-31,173.8446695967791
2024-02-01,256.17839328825414
2024-02-02,201.11058757252619
2024-02-03,192.5664572230845
2024-02-04,250.85291062600913
2024-02-05,272.01202868713483
2024-02-06,197.0048524860042
