-- --------------------------------------------------------
-- Host:                         127.0.0.1
-- Server version:               10.6.16-MariaDB-0ubuntu0.22.04.1 - Ubuntu 22.04
-- Server OS:                    debian-linux-gnu
-- HeidiSQL Version:             12.1.0.6537
-- --------------------------------------------------------

/*!40101 SET @OLD_CHARACTER_SET_CLIENT=@@CHARACTER_SET_CLIENT */;
/*!40101 SET NAMES utf8 */;
/*!50503 SET NAMES utf8mb4 */;
/*!40103 SET @OLD_TIME_ZONE=@@TIME_ZONE */;
/*!40103 SET TIME_ZONE='+00:00' */;
/*!40014 SET @OLD_FOREIGN_KEY_CHECKS=@@FOREIGN_KEY_CHECKS, FOREIGN_KEY_CHECKS=0 */;
/*!40101 SET @OLD_SQL_MODE=@@SQL_MODE, SQL_MODE='NO_AUTO_VALUE_ON_ZERO' */;
/*!40111 SET @OLD_SQL_NOTES=@@SQL_NOTES, SQL_NOTES=0 */;


-- Dumping database structure for ofs
CREATE DATABASE IF NOT EXISTS `ofs` /*!40100 DEFAULT CHARACTER SET utf8mb4 COLLATE utf8mb4_general_ci */;
USE `ofs`;

-- Dumping structure for table ofs.accounts_doctor
CREATE TABLE IF NOT EXISTS `accounts_doctor` (
  `id` bigint(20) NOT NULL,
  `gender` varchar(255) NOT NULL,
  `mobile` varchar(20) DEFAULT NULL,
  `address` varchar(255) DEFAULT NULL,
  `qualification` longtext DEFAULT NULL,
  `service_type` varchar(255) DEFAULT NULL,
  `nmc_number` varchar(255) DEFAULT NULL,
  `image` varchar(100) DEFAULT NULL,
  `status` tinyint(1) NOT NULL,
  `created_on` datetime(6) NOT NULL,
  `updated_on` datetime(6) NOT NULL,
  `user_id` bigint(20) NOT NULL
) ENGINE=InnoDB DEFAULT CHARSET=utf8mb4 COLLATE=utf8mb4_general_ci;

-- Dumping data for table ofs.accounts_doctor: ~5 rows (approximately)
INSERT INTO `accounts_doctor` (`id`, `gender`, `mobile`, `address`, `qualification`, `service_type`, `nmc_number`, `image`, `status`, `created_on`, `updated_on`, `user_id`) VALUES
	(1, 'Female', '9876543210', 'Kathmandu', 'Registered Veterinary Nurse (RVM)', 'Vaccination', '123', 'doctor/Registered_Veterinary_Nurse_RVN_.png', 0, '2024-01-10 15:44:31.879298', '2024-01-29 16:11:54.652129', 2),
	(2, 'Male', '9765432108', 'Naxal', 'Doctor in Veterinary Medicine (DVM)', 'Dentist', '123', 'doctor/Doctor_of_Veterinary_Medicine_DVM.png', 1, '2024-01-13 15:27:07.405622', '2024-01-13 16:57:45.351039', 9),
	(3, 'Male', '9865432107', 'Naxal', 'Veterinary Medical Doctor (VMD)', 'Laser Therapist', '456', 'doctor/Veterinary_Medical_Doctor_VMD_.png', 1, '2024-01-13 16:05:52.532914', '2024-01-13 16:57:26.617043', 11),
	(5, 'Male', '9849227076', 'Budanilkantha', 'DVM', 'XYZ', '123', '', 1, '2024-02-05 13:11:15.149129', '2024-02-05 13:11:15.149129', 22),
	(6, 'Female', '9808229909', 'Baneshwor', 'VMD', 'Pain management', '9808229909', '', 1, '2024-02-05 13:16:27.491426', '2024-02-05 13:16:27.491426', 23);

-- Dumping structure for table ofs.accounts_operator
CREATE TABLE IF NOT EXISTS `accounts_operator` (
  `id` bigint(20) NOT NULL,
  `gender` varchar(255) NOT NULL,
  `mobile` varchar(255) DEFAULT NULL,
  `address` varchar(255) DEFAULT NULL,
  `user_id` bigint(20) NOT NULL
) ENGINE=InnoDB DEFAULT CHARSET=utf8mb4 COLLATE=utf8mb4_general_ci;

-- Dumping data for table ofs.accounts_operator: ~0 rows (approximately)
INSERT INTO `accounts_operator` (`id`, `gender`, `mobile`, `address`, `user_id`) VALUES
	(3, 'Male', '9849939883', 'Baneshwor', 21);

-- Dumping structure for table ofs.accounts_petowner
CREATE TABLE IF NOT EXISTS `accounts_petowner` (
  `id` bigint(20) NOT NULL,
  `gender` varchar(255) NOT NULL,
  `mobile` varchar(255) DEFAULT NULL,
  `address` varchar(255) DEFAULT NULL,
  `user_id` bigint(20) NOT NULL
) ENGINE=InnoDB DEFAULT CHARSET=utf8mb4 COLLATE=utf8mb4_general_ci;

-- Dumping data for table ofs.accounts_petowner: ~4 rows (approximately)
INSERT INTO `accounts_petowner` (`id`, `gender`, `mobile`, `address`, `user_id`) VALUES
	(3, 'Female', '9863196938', 'Seghal', 8),
	(7, 'Female', '9841382018', 'Baneshwor', 15),
	(8, 'Male', '9841140969', 'Baneshwor', 16),
	(9, 'Female', '9841401942', 'Baneshwor', 19);

-- Dumping structure for table ofs.accounts_user
CREATE TABLE IF NOT EXISTS `accounts_user` (
  `id` bigint(20) NOT NULL,
  `password` varchar(128) NOT NULL,
  `last_login` datetime(6) DEFAULT NULL,
  `is_superuser` tinyint(1) NOT NULL,
  `username` varchar(150) NOT NULL,
  `first_name` varchar(150) NOT NULL,
  `last_name` varchar(150) NOT NULL,
  `email` varchar(254) NOT NULL,
  `is_staff` tinyint(1) NOT NULL,
  `is_active` tinyint(1) NOT NULL,
  `date_joined` datetime(6) NOT NULL,
  `is_admin` tinyint(1) NOT NULL,
  `is_operator` tinyint(1) NOT NULL,
  `is_patient` tinyint(1) NOT NULL,
  `is_doctor` tinyint(1) NOT NULL,
  `otp` varchar(255) DEFAULT NULL,
  `otp_created_at` datetime(6) NOT NULL,
  `otp_verified` tinyint(1) NOT NULL
) ENGINE=InnoDB DEFAULT CHARSET=utf8mb4 COLLATE=utf8mb4_general_ci;

-- Dumping data for table ofs.accounts_user: ~12 rows (approximately)
INSERT INTO `accounts_user` (`id`, `password`, `last_login`, `is_superuser`, `username`, `first_name`, `last_name`, `email`, `is_staff`, `is_active`, `date_joined`, `is_admin`, `is_operator`, `is_patient`, `is_doctor`, `otp`, `otp_created_at`, `otp_verified`) VALUES
	(1, 'pbkdf2_sha256$600000$5mB71QHu2YKnWI5tOR6OHt$ykARnjTlsDwMV0HLpUl54Gx2AEi5wZTeaV6K/xTgO5w=', '2024-02-05 13:03:37.138738', 1, '9808588447raju@gmail.com', 'Nimi', 'Pradhan', '9808588447raju@gmail.com', 1, 1, '2024-01-10 15:39:12.000000', 1, 0, 0, 0, NULL, '2024-01-10 15:39:12.883705', 0),
	(2, 'pbkdf2_sha256$600000$DSpeWU5hmpXwVCjYuKxK9Y$CpRARIjjyydsegWMlAxLKBCO/n1lSFFGKt+rsXa8BTs=', '2024-01-10 15:50:33.852470', 0, 'nimisha@gmail.com', 'Nimisha', 'Pradhan', 'nimisha@gmail.com', 0, 1, '2024-01-10 15:44:31.656246', 0, 0, 0, 1, NULL, '2024-01-10 15:44:31.846294', 0),
	(7, '!JzScWfKqzeqlfk5Yeq51sT82VsnPbxMC0FWJpHFM', '2024-01-21 12:39:09.958049', 0, 'pradhan.nimi13', 'Nimisha', 'Pradhan', 'pradhan.nimi13@gmail.com', 0, 1, '2024-01-12 04:44:01.502812', 0, 0, 1, 0, NULL, '2024-01-12 04:44:01.502812', 0),
	(8, 'pbkdf2_sha256$600000$NGgACq3psCtMKuRcXSlZta$YnwhpTNAeoOgFvv+rgsRhL60UUHYRGbuhmGxQ1TMgW8=', '2024-01-12 05:06:47.300735', 0, 'lujanabajra@gmail.com', 'Lujana', 'Bajracharya', 'lujanabajra@gmail.com', 0, 1, '2024-01-12 05:06:37.490447', 0, 0, 1, 0, NULL, '2024-01-12 05:06:37.767227', 0),
	(9, 'pbkdf2_sha256$600000$RI8cTmmJAaYH6vc43tr6nY$W5sK9PRmf57LfMBynRGKvDXeBgVhYftAWqYRcizY5G0=', '2024-01-30 05:48:42.182002', 0, 'bhanu@gmail.com', 'Bhanu', 'Aryal', 'bhanu@gmail.com', 0, 1, '2024-01-13 15:27:07.138578', 0, 0, 0, 1, NULL, '2024-01-13 15:27:07.397045', 0),
	(11, 'pbkdf2_sha256$600000$0cgqxINAHnfzqbMViJDJFI$7AUtksIC6qrzfI98XDszCmQAd0G/f4E5E2V75kNWYkg=', '2024-01-21 12:38:22.663206', 0, 'aatiz@gmail.com', 'Aatiz', 'Ghimire', 'aatiz@gmail.com', 0, 1, '2024-01-13 16:05:52.243853', 0, 0, 0, 1, NULL, '2024-01-13 16:05:52.527174', 0),
	(15, 'pbkdf2_sha256$600000$IsKFwG47HwW0a0WyWwLN3B$z+WSQtM1ZBULyL8t1wSrwaCAmM5By+kjHu9hRX7poLg=', '2024-01-21 11:52:24.938443', 0, 'uma9841382018@gmail.com', 'Uma', 'Khanal', 'uma9841382018@gmail.com', 0, 1, '2024-01-21 11:51:52.625881', 0, 0, 1, 0, NULL, '2024-01-21 11:51:52.798059', 0),
	(16, 'pbkdf2_sha256$600000$5GersrIx3VnSQGIu14FXjO$EbjspsLfo341RybN1IW2Jk9QvWyHeiptU0SrEYTLPr8=', '2024-02-05 13:16:58.145292', 0, '9841140969raju@gmail.com', 'Raju', 'Pradhan', '9841140969raju@gmail.com', 0, 1, '2024-01-21 12:08:05.474227', 0, 0, 1, 0, '794228', '2024-01-21 12:08:05.648879', 1),
	(19, 'pbkdf2_sha256$600000$qd4QFvUbxKkDJvbY298UcJ$ylD82vdNE/JGSrSCWf6Ao9UhswPdTE/ZryAQuCelSLQ=', '2024-01-21 12:41:06.347662', 0, 'pradhannila6@gmail.com', 'Nila', 'Pradhan', 'pradhannila6@gmail.com', 0, 1, '2024-01-21 12:33:04.714662', 0, 0, 1, 0, NULL, '2024-01-21 12:33:04.889338', 0),
	(21, 'pbkdf2_sha256$600000$CWXuKabLCCDJMtW0e5hwWO$gY9kTB0aJ7cA4abdCm8vnpGGVaN2S48eQ2lYDD4KF5M=', NULL, 0, 'pradhannitesh10@gmail.com', 'Nitesh', 'Pradhan', 'pradhannitesh10@gmail.com', 0, 1, '2024-02-05 13:08:46.779635', 0, 1, 0, 0, NULL, '2024-02-05 13:08:47.080505', 0),
	(22, 'pbkdf2_sha256$600000$gb9eAlZVM0zUGfJUdDMY3m$1U65P850IIQDPWysuf2sSGO6ndgD8YvFyzEMoH0XQaA=', NULL, 0, 'aawhan.ja@gmail.com', 'Aawhan', 'Shrestha', 'aawhan.ja@gmail.com', 0, 1, '2024-02-05 13:11:14.889342', 0, 0, 0, 1, NULL, '2024-02-05 13:11:15.143892', 0),
	(23, 'pbkdf2_sha256$600000$HAdCW5Ct8LOmyOGyXkaZVL$yDkB5/LbLr5QOUgfj79HdjipHsrfqWPFhloK+k7mBSs=', NULL, 0, '9808229909nila@gmail.com', 'Niru', 'Pradhan', '9808229909nila@gmail.com', 0, 1, '2024-02-05 13:16:27.190858', 0, 0, 0, 1, '455784', '2024-02-05 13:16:27.488356', 0);

-- Dumping structure for table ofs.accounts_user_groups
CREATE TABLE IF NOT EXISTS `accounts_user_groups` (
  `id` bigint(20) NOT NULL,
  `user_id` bigint(20) NOT NULL,
  `group_id` int(11) NOT NULL
) ENGINE=InnoDB DEFAULT CHARSET=utf8mb4 COLLATE=utf8mb4_general_ci;

-- Dumping data for table ofs.accounts_user_groups: ~0 rows (approximately)

-- Dumping structure for table ofs.accounts_user_user_permissions
CREATE TABLE IF NOT EXISTS `accounts_user_user_permissions` (
  `id` bigint(20) NOT NULL,
  `user_id` bigint(20) NOT NULL,
  `permission_id` int(11) NOT NULL
) ENGINE=InnoDB DEFAULT CHARSET=utf8mb4 COLLATE=utf8mb4_general_ci;

-- Dumping data for table ofs.accounts_user_user_permissions: ~0 rows (approximately)

-- Dumping structure for table ofs.account_emailaddress
CREATE TABLE IF NOT EXISTS `account_emailaddress` (
  `id` int(11) NOT NULL,
  `email` varchar(254) NOT NULL,
  `verified` tinyint(1) NOT NULL,
  `primary` tinyint(1) NOT NULL,
  `user_id` bigint(20) NOT NULL
) ENGINE=InnoDB DEFAULT CHARSET=utf8mb4 COLLATE=utf8mb4_general_ci;

-- Dumping data for table ofs.account_emailaddress: ~0 rows (approximately)

-- Dumping structure for table ofs.account_emailconfirmation
CREATE TABLE IF NOT EXISTS `account_emailconfirmation` (
  `id` int(11) NOT NULL,
  `created` datetime(6) NOT NULL,
  `sent` datetime(6) DEFAULT NULL,
  `key` varchar(64) NOT NULL,
  `email_address_id` int(11) NOT NULL
) ENGINE=InnoDB DEFAULT CHARSET=utf8mb4 COLLATE=utf8mb4_general_ci;

-- Dumping data for table ofs.account_emailconfirmation: ~0 rows (approximately)

-- Dumping structure for table ofs.app_ofs_authgroup
CREATE TABLE IF NOT EXISTS `app_ofs_authgroup` (
  `id` bigint(20) NOT NULL AUTO_INCREMENT,
  `name` varchar(150) NOT NULL,
  PRIMARY KEY (`id`),
  UNIQUE KEY `name` (`name`)
) ENGINE=InnoDB DEFAULT CHARSET=utf8mb4 COLLATE=utf8mb4_general_ci;

-- Dumping data for table ofs.app_ofs_authgroup: ~0 rows (approximately)

-- Dumping structure for table ofs.app_ofs_authgrouppermissions
CREATE TABLE IF NOT EXISTS `app_ofs_authgrouppermissions` (
  `id` bigint(20) NOT NULL AUTO_INCREMENT,
  `group_id` bigint(20) NOT NULL,
  `permission_id` int(11) NOT NULL,
  PRIMARY KEY (`id`)
) ENGINE=InnoDB DEFAULT CHARSET=utf8mb4 COLLATE=utf8mb4_general_ci;

-- Dumping data for table ofs.app_ofs_authgrouppermissions: ~0 rows (approximately)

-- Dumping structure for table ofs.app_ofs_authpermission
CREATE TABLE IF NOT EXISTS `app_ofs_authpermission` (
  `id` bigint(20) NOT NULL AUTO_INCREMENT,
  `name` varchar(255) NOT NULL,
  `codename` varchar(100) NOT NULL,
  `content_type_id` int(11) NOT NULL,
  PRIMARY KEY (`id`)
) ENGINE=InnoDB DEFAULT CHARSET=utf8mb4 COLLATE=utf8mb4_general_ci;

-- Dumping data for table ofs.app_ofs_authpermission: ~0 rows (approximately)

-- Dumping structure for table ofs.app_ofs_category
CREATE TABLE IF NOT EXISTS `app_ofs_category` (
  `id` bigint(20) NOT NULL AUTO_INCREMENT,
  `category_id` varchar(100) NOT NULL,
  `category` varchar(100) NOT NULL,
  `updated_on` datetime(6) NOT NULL,
  `userid_id` bigint(20) DEFAULT NULL,
  PRIMARY KEY (`id`),
  KEY `app_ofs_category_userid_id_57c4f9c5_fk_app_ofs_customuser_id` (`userid_id`),
  CONSTRAINT `app_ofs_category_userid_id_57c4f9c5_fk_app_ofs_customuser_id` FOREIGN KEY (`userid_id`) REFERENCES `app_ofs_customuser` (`id`)
) ENGINE=InnoDB DEFAULT CHARSET=utf8mb4 COLLATE=utf8mb4_general_ci;

-- Dumping data for table ofs.app_ofs_category: ~0 rows (approximately)

-- Dumping structure for table ofs.app_ofs_categoryinfo
CREATE TABLE IF NOT EXISTS `app_ofs_categoryinfo` (
  `id` bigint(20) NOT NULL AUTO_INCREMENT,
  `category_id` varchar(50) DEFAULT NULL,
  `category` varchar(50) DEFAULT NULL,
  `updated_on` datetime(6) NOT NULL,
  PRIMARY KEY (`id`)
) ENGINE=InnoDB DEFAULT CHARSET=utf8mb4 COLLATE=utf8mb4_general_ci;

-- Dumping data for table ofs.app_ofs_categoryinfo: ~0 rows (approximately)

-- Dumping structure for table ofs.app_ofs_customuser
CREATE TABLE IF NOT EXISTS `app_ofs_customuser` (
  `id` bigint(20) NOT NULL AUTO_INCREMENT,
  `company_id` bigint(20) NOT NULL DEFAULT 0,
  `password` varchar(128) DEFAULT NULL,
  `last_login` datetime(6) DEFAULT NULL,
  `is_superuser` tinyint(1) DEFAULT 0,
  `username` varchar(150) DEFAULT NULL,
  `first_name` varchar(150) DEFAULT NULL,
  `last_name` varchar(150) DEFAULT NULL,
  `email` varchar(254) DEFAULT NULL,
  `is_staff` tinyint(1) DEFAULT 0,
  `is_active` tinyint(1) DEFAULT 1,
  `date_joined` datetime(6) DEFAULT NULL,
  `dob` date DEFAULT NULL,
  `phone_number` varchar(15) DEFAULT NULL,
  `otp` varchar(50) DEFAULT NULL,
  `otp_created_at` varchar(50) DEFAULT NULL,
  `otp_verified` varchar(50) DEFAULT NULL,
  `userrole` varchar(50) DEFAULT 'user',
  `first_login` int(11) DEFAULT 1,
  `added_by` bigint(20) DEFAULT NULL,
  PRIMARY KEY (`id`),
  UNIQUE KEY `username` (`username`),
  KEY `company_id` (`company_id`)
) ENGINE=InnoDB AUTO_INCREMENT=42 DEFAULT CHARSET=utf8mb4 COLLATE=utf8mb4_general_ci;

-- Dumping data for table ofs.app_ofs_customuser: ~14 rows (approximately)
INSERT INTO `app_ofs_customuser` (`id`, `company_id`, `password`, `last_login`, `is_superuser`, `username`, `first_name`, `last_name`, `email`, `is_staff`, `is_active`, `date_joined`, `dob`, `phone_number`, `otp`, `otp_created_at`, `otp_verified`, `userrole`, `first_login`, `added_by`) VALUES
	(28, 0, 'pbkdf2_sha256$720000$dy2M0njk4zokEXLpPL2baA$1KM75lXwqRmOA7293sRzM3AIVasTGaIhlFpR57b1AfI=', '2024-01-31 04:55:46.099645', 0, 'lbaj', 'Lujana', 'Bajracharya', 'lujanabajra@gmail.com', 1, 1, '2024-01-30 07:31:58.871307', NULL, '', '797715', '2024-01-31 04:55:12.785669', NULL, 'admin', 1, 28),
	(29, 0, 'pbkdf2_sha256$720000$V9qsYbAxD7Z0WPYbvDdZCc$zFwzsrQc+Fw4lvSxnv7eyruU7voxF3C/Z07LRjcVHIY=', NULL, 0, 'anki', 'Ankita', 'Bajracharya', 'bajraanki@gmail.com', 0, 1, '2024-01-30 07:34:22.102729', NULL, '', NULL, NULL, NULL, '', 1, NULL),
	(30, 0, 'pbkdf2_sha256$720000$FNWD3mxyX3JKi51FrhZrYr$Z85aXRJAhk/V4B5UpfV6b92z1ffelYjj69DcDrLp3ZQ=', NULL, 0, 'lujana', 'Lujana', 'Bajracharya', 'lujanabajra@gmail.com', 0, 1, '2024-01-30 07:43:15.575427', NULL, '', NULL, NULL, NULL, '', 1, NULL),
	(31, 0, 'pbkdf2_sha256$720000$NGW6bgmGcxfVeyk5lV53zz$4QMcYVzQ+qg0K3svOteITcdBVbsS3r2MKY9Te15NALI=', NULL, 0, 'gadha', 'Prashay', 'Shrestha', 'prashayshrestha@gmail.com', 0, 1, '2024-01-30 08:28:09.353906', NULL, '', NULL, NULL, NULL, 'admin', 1, NULL),
	(32, 0, 'pbkdf2_sha256$720000$mxe0Xh0bzkxMDPfH0eJWID$OtcNwAuQDGiT1ulQSIlK3wosxBmdwH3qKb31UJOCGCA=', NULL, 0, 'lujana_175', 'Lujana', 'Bajracharya', 'lujanabajra@gmail.com', 0, 1, NULL, NULL, '9989', NULL, NULL, NULL, 'staff', 1, NULL),
	(33, 0, 'pbkdf2_sha256$720000$mxe0Xh0bzkxMDPfH0eJWID$OtcNwAuQDGiT1ulQSIlK3wosxBmdwH3qKb31UJOCGCA=', NULL, 0, 'lujana_429', 'Lujana', 'Bajracharya', 'lujanabajra@gmail.com', 0, 1, NULL, NULL, '9989', NULL, NULL, NULL, 'staff', 1, NULL),
	(34, 0, 'pbkdf2_sha256$720000$0ZgBgMxdiXVu1fAgnH3bPx$DN3lP7aMiQKFvbsGNS+EVtdS/vqRss2FtQZS9OEnUPA=', NULL, 0, 'lujana_357', 'Lujana', 'Bajracharya', 'lujanabajra@gmail.com', 0, 1, NULL, NULL, '1234512345', NULL, NULL, NULL, 'staff', 1, NULL),
	(35, 0, 'pbkdf2_sha256$720000$dy2M0njk4zokEXLpPL2baA$1KM75lXwqRmOA7293sRzM3AIVasTGaIhlFpR57b1AfI=', '2024-01-30 16:49:48.721266', 0, 'manoj_183', 'Manoj', 'Karki', 'manojgamer99@gmail.com', 0, 1, NULL, NULL, '9841147588', '596404', '2024-01-30 16:45:07.305783', NULL, 'staff', 1, NULL),
	(36, 0, 'pbkdf2_sha256$720000$dy2M0njk4zokEXLpPL2baA$1KM75lXwqRmOA7293sRzM3AIVasTGaIhlFpR57b1AfI=', '2024-01-30 17:19:52.687015', 0, 'manoj_375', 'Manoj', 'Khanal', 'manoj.karki695@gmail.com', 0, 1, NULL, NULL, '9841147588', NULL, NULL, NULL, 'staff', 1, 28),
	(37, 0, 'pbkdf2_sha256$720000$q3cHKpgACwdCfAkSVxk3Hy$IM2aOB/IVKk+ENmKgKmQLkR5hxoG3ns0CXrGaKMSjzY=', NULL, 0, 'nimi', 'Nimisha', 'Pradhan', '', 0, 1, '2024-01-30 17:26:37.892816', NULL, '', NULL, NULL, NULL, 'admin', 1, NULL),
	(38, 0, 'pbkdf2_sha256$720000$Whafx8OqW6Z4BLqxdiBQ07$HPn20iGic09SHoRVrpowC/XZ2eaPt6BG/nGhfiOOARY=', NULL, 0, 'nimisha', 'Nimisha', 'Pradhan', 'nimisha@gmail.com', 0, 1, '2024-01-30 17:27:46.836822', NULL, '', NULL, NULL, NULL, 'admin', 1, NULL),
	(39, 122, 'pbkdf2_sha256$720000$6rVoWcngcUS11n17BBom3u$rp6qskPTDJHyXKXIsyOs5l5YFNecdRl3Yf2UJDs36Oc=', '2024-02-03 18:30:21.936239', 0, 'nimiP', 'Nimisha', 'Pradhan', 'nimiP@gmail.com', 0, 1, '2024-01-30 17:32:44.825994', NULL, '9843219647', NULL, NULL, NULL, 'admin', 1, 39),
	(40, 122, 'pbkdf2_sha256$720000$dy2M0njk4zokEXLpPL2baA$1KM75lXwqRmOA7293sRzM3AIVasTGaIhlFpR57b1AfI=', '2024-01-30 17:49:04.168935', 0, 'lujana_313', 'Lujana', 'Bajracharya', 'lujana@gmail.com', 0, 1, NULL, NULL, '1234512345', NULL, NULL, NULL, 'staff', 1, 39),
	(41, 0, 'pbkdf2_sha256$720000$Gc810K5WGUMnhUwb4EbxCH$gqfgpNJ0dnFxW16MN2WX9P6C70BLbqK4wrdPwaaHOVM=', NULL, 0, 'dhiraj', 'Dhiraj', 'Shah', 'dhiraj@gmail.com', 0, 1, '2024-01-31 04:54:37.741725', NULL, '', NULL, NULL, NULL, 'admin', 1, NULL);

-- Dumping structure for table ofs.app_ofs_customusergroups
CREATE TABLE IF NOT EXISTS `app_ofs_customusergroups` (
  `id` bigint(20) NOT NULL AUTO_INCREMENT,
  PRIMARY KEY (`id`)
) ENGINE=InnoDB DEFAULT CHARSET=utf8mb4 COLLATE=utf8mb4_general_ci;

-- Dumping data for table ofs.app_ofs_customusergroups: ~0 rows (approximately)

-- Dumping structure for table ofs.app_ofs_customuseruserpermissions
CREATE TABLE IF NOT EXISTS `app_ofs_customuseruserpermissions` (
  `id` bigint(20) NOT NULL AUTO_INCREMENT,
  PRIMARY KEY (`id`)
) ENGINE=InnoDB DEFAULT CHARSET=utf8mb4 COLLATE=utf8mb4_general_ci;

-- Dumping data for table ofs.app_ofs_customuseruserpermissions: ~0 rows (approximately)

-- Dumping structure for table ofs.app_ofs_customuser_groups
CREATE TABLE IF NOT EXISTS `app_ofs_customuser_groups` (
  `id` bigint(20) NOT NULL AUTO_INCREMENT,
  `customuser_id` bigint(20) NOT NULL,
  `group_id` int(11) NOT NULL,
  PRIMARY KEY (`id`),
  UNIQUE KEY `app_ofs_customuser_groups_customuser_id_group_id_beb8cd83_uniq` (`customuser_id`,`group_id`),
  KEY `app_ofs_customuser_groups_group_id_29e967e1_fk_auth_group_id` (`group_id`),
  CONSTRAINT `app_ofs_customuser_g_customuser_id_bb9f16d8_fk_app_ofs_c` FOREIGN KEY (`customuser_id`) REFERENCES `app_ofs_customuser` (`id`),
  CONSTRAINT `app_ofs_customuser_groups_group_id_29e967e1_fk_auth_group_id` FOREIGN KEY (`group_id`) REFERENCES `auth_group` (`id`)
) ENGINE=InnoDB DEFAULT CHARSET=utf8mb4 COLLATE=utf8mb4_general_ci;

-- Dumping data for table ofs.app_ofs_customuser_groups: ~0 rows (approximately)

-- Dumping structure for table ofs.app_ofs_customuser_user_permissions
CREATE TABLE IF NOT EXISTS `app_ofs_customuser_user_permissions` (
  `id` bigint(20) NOT NULL AUTO_INCREMENT,
  `customuser_id` bigint(20) NOT NULL,
  `permission_id` int(11) NOT NULL,
  PRIMARY KEY (`id`),
  UNIQUE KEY `app_ofs_customuser_user__customuser_id_permission_7ee8f71f_uniq` (`customuser_id`,`permission_id`),
  KEY `app_ofs_customuser_u_permission_id_de5e7f26_fk_auth_perm` (`permission_id`),
  CONSTRAINT `app_ofs_customuser_u_customuser_id_27d1bb7d_fk_app_ofs_c` FOREIGN KEY (`customuser_id`) REFERENCES `app_ofs_customuser` (`id`),
  CONSTRAINT `app_ofs_customuser_u_permission_id_de5e7f26_fk_auth_perm` FOREIGN KEY (`permission_id`) REFERENCES `auth_permission` (`id`)
) ENGINE=InnoDB DEFAULT CHARSET=utf8mb4 COLLATE=utf8mb4_general_ci;

-- Dumping data for table ofs.app_ofs_customuser_user_permissions: ~0 rows (approximately)

-- Dumping structure for table ofs.app_ofs_djangoadminlog
CREATE TABLE IF NOT EXISTS `app_ofs_djangoadminlog` (
  `id` bigint(20) NOT NULL AUTO_INCREMENT,
  `action_time` datetime(6) NOT NULL,
  `object_id` longtext DEFAULT NULL,
  `object_repr` varchar(200) NOT NULL,
  `action_flag` smallint(5) unsigned NOT NULL CHECK (`action_flag` >= 0),
  `change_message` longtext NOT NULL,
  `content_type_id` int(11) DEFAULT NULL,
  PRIMARY KEY (`id`)
) ENGINE=InnoDB DEFAULT CHARSET=utf8mb4 COLLATE=utf8mb4_general_ci;

-- Dumping data for table ofs.app_ofs_djangoadminlog: ~0 rows (approximately)

-- Dumping structure for table ofs.app_ofs_djangocontenttype
CREATE TABLE IF NOT EXISTS `app_ofs_djangocontenttype` (
  `id` bigint(20) NOT NULL AUTO_INCREMENT,
  `app_label` varchar(100) NOT NULL,
  `model` varchar(100) NOT NULL,
  PRIMARY KEY (`id`)
) ENGINE=InnoDB DEFAULT CHARSET=utf8mb4 COLLATE=utf8mb4_general_ci;

-- Dumping data for table ofs.app_ofs_djangocontenttype: ~0 rows (approximately)

-- Dumping structure for table ofs.app_ofs_djangomigrations
CREATE TABLE IF NOT EXISTS `app_ofs_djangomigrations` (
  `id` bigint(20) NOT NULL AUTO_INCREMENT,
  `app` varchar(255) NOT NULL,
  `name` varchar(255) NOT NULL,
  `applied` datetime(6) NOT NULL,
  PRIMARY KEY (`id`)
) ENGINE=InnoDB DEFAULT CHARSET=utf8mb4 COLLATE=utf8mb4_general_ci;

-- Dumping data for table ofs.app_ofs_djangomigrations: ~0 rows (approximately)

-- Dumping structure for table ofs.app_ofs_djangosession
CREATE TABLE IF NOT EXISTS `app_ofs_djangosession` (
  `session_key` varchar(40) NOT NULL,
  `session_data` longtext NOT NULL,
  `expire_date` datetime(6) NOT NULL,
  PRIMARY KEY (`session_key`)
) ENGINE=InnoDB DEFAULT CHARSET=utf8mb4 COLLATE=utf8mb4_general_ci;

-- Dumping data for table ofs.app_ofs_djangosession: ~0 rows (approximately)

-- Dumping structure for table ofs.app_ofs_forecastdata
CREATE TABLE IF NOT EXISTS `app_ofs_forecastdata` (
  `id` bigint(20) NOT NULL AUTO_INCREMENT,
  `product_id` varchar(50) NOT NULL,
  `quantity` bigint(20) NOT NULL,
  `ordered_date` date NOT NULL,
  PRIMARY KEY (`id`)
) ENGINE=InnoDB AUTO_INCREMENT=1986 DEFAULT CHARSET=utf8mb4 COLLATE=utf8mb4_general_ci;

-- Dumping data for table ofs.app_ofs_forecastdata: ~1,985 rows (approximately)
INSERT INTO `app_ofs_forecastdata` (`id`, `product_id`, `quantity`, `ordered_date`) VALUES
	(1, '101', 72, '1985-01-01'),
	(2, '101', 70, '1985-02-01'),
	(3, '101', 62, '1985-03-01'),
	(4, '101', 57, '1985-04-01'),
	(5, '101', 55, '1985-05-01'),
	(6, '101', 58, '1985-06-01'),
	(7, '101', 62, '1985-07-01'),
	(8, '101', 63, '1985-08-01'),
	(9, '101', 60, '1985-09-01'),
	(10, '101', 56, '1985-10-01'),
	(11, '101', 58, '1985-11-01'),
	(12, '101', 68, '1985-12-01'),
	(13, '101', 73, '1986-01-01'),
	(14, '101', 67, '1986-02-01'),
	(15, '101', 62, '1986-03-01'),
	(16, '101', 57, '1986-04-01'),
	(17, '101', 55, '1986-05-01'),
	(18, '101', 59, '1986-06-01'),
	(19, '101', 65, '1986-07-01'),
	(20, '101', 64, '1986-08-01'),
	(21, '101', 61, '1986-09-01'),
	(22, '101', 57, '1986-10-01'),
	(23, '101', 59, '1986-11-01'),
	(24, '101', 68, '1986-12-01'),
	(25, '101', 73, '1987-01-01'),
	(26, '101', 70, '1987-02-01'),
	(27, '101', 65, '1987-03-01'),
	(28, '101', 60, '1987-04-01'),
	(29, '101', 58, '1987-05-01'),
	(30, '101', 63, '1987-06-01'),
	(31, '101', 68, '1987-07-01'),
	(32, '101', 70, '1987-08-01'),
	(33, '101', 64, '1987-09-01'),
	(34, '101', 60, '1987-10-01'),
	(35, '101', 62, '1987-11-01'),
	(36, '101', 70, '1987-12-01'),
	(37, '101', 79, '1988-01-01'),
	(38, '101', 76, '1988-02-01'),
	(39, '101', 70, '1988-03-01'),
	(40, '101', 63, '1988-04-01'),
	(41, '101', 61, '1988-05-01'),
	(42, '101', 67, '1988-06-01'),
	(43, '101', 72, '1988-07-01'),
	(44, '101', 75, '1988-08-01'),
	(45, '101', 67, '1988-09-01'),
	(46, '101', 63, '1988-10-01'),
	(47, '101', 65, '1988-11-01'),
	(48, '101', 73, '1988-12-01'),
	(49, '101', 77, '1989-01-01'),
	(50, '101', 76, '1989-02-01'),
	(51, '101', 73, '1989-03-01'),
	(52, '101', 65, '1989-04-01'),
	(53, '101', 63, '1989-05-01'),
	(54, '101', 68, '1989-06-01'),
	(55, '101', 74, '1989-07-01'),
	(56, '101', 75, '1989-08-01'),
	(57, '101', 69, '1989-09-01'),
	(58, '101', 65, '1989-10-01'),
	(59, '101', 69, '1989-11-01'),
	(60, '101', 84, '1989-12-01'),
	(61, '101', 84, '1990-01-01'),
	(62, '101', 77, '1990-02-01'),
	(63, '101', 73, '1990-03-01'),
	(64, '101', 67, '1990-04-01'),
	(65, '101', 65, '1990-05-01'),
	(66, '101', 71, '1990-06-01'),
	(67, '101', 76, '1990-07-01'),
	(68, '101', 77, '1990-08-01'),
	(69, '101', 73, '1990-09-01'),
	(70, '101', 67, '1990-10-01'),
	(71, '101', 68, '1990-11-01'),
	(72, '101', 77, '1990-12-01'),
	(73, '101', 86, '1991-01-01'),
	(74, '101', 77, '1991-02-01'),
	(75, '101', 73, '1991-03-01'),
	(76, '101', 67, '1991-04-01'),
	(77, '101', 68, '1991-05-01'),
	(78, '101', 74, '1991-06-01'),
	(79, '101', 80, '1991-07-01'),
	(80, '101', 79, '1991-08-01'),
	(81, '101', 73, '1991-09-01'),
	(82, '101', 68, '1991-10-01'),
	(83, '101', 72, '1991-11-01'),
	(84, '101', 79, '1991-12-01'),
	(85, '101', 85, '1992-01-01'),
	(86, '101', 80, '1992-02-01'),
	(87, '101', 74, '1992-03-01'),
	(88, '101', 69, '1992-04-01'),
	(89, '101', 67, '1992-05-01'),
	(90, '101', 71, '1992-06-01'),
	(91, '101', 77, '1992-07-01'),
	(92, '101', 76, '1992-08-01'),
	(93, '101', 72, '1992-09-01'),
	(94, '101', 69, '1992-10-01'),
	(95, '101', 73, '1992-11-01'),
	(96, '101', 84, '1992-12-01'),
	(97, '101', 87, '1993-01-01'),
	(98, '101', 84, '1993-02-01'),
	(99, '101', 79, '1993-03-01'),
	(100, '101', 71, '1993-04-01'),
	(101, '101', 67, '1993-05-01'),
	(102, '101', 74, '1993-06-01'),
	(103, '101', 82, '1993-07-01'),
	(104, '101', 82, '1993-08-01'),
	(105, '101', 74, '1993-09-01'),
	(106, '101', 69, '1993-10-01'),
	(107, '101', 74, '1993-11-01'),
	(108, '101', 84, '1993-12-01'),
	(109, '101', 94, '1994-01-01'),
	(110, '101', 87, '1994-02-01'),
	(111, '101', 79, '1994-03-01'),
	(112, '101', 70, '1994-04-01'),
	(113, '101', 69, '1994-05-01'),
	(114, '101', 77, '1994-06-01'),
	(115, '101', 83, '1994-07-01'),
	(116, '101', 81, '1994-08-01'),
	(117, '101', 75, '1994-09-01'),
	(118, '101', 71, '1994-10-01'),
	(119, '101', 75, '1994-11-01'),
	(120, '101', 84, '1994-12-01'),
	(121, '101', 92, '1995-01-01'),
	(122, '101', 87, '1995-02-01'),
	(123, '101', 81, '1995-03-01'),
	(124, '101', 73, '1995-04-01'),
	(125, '101', 73, '1995-05-01'),
	(126, '101', 78, '1995-06-01'),
	(127, '101', 85, '1995-07-01'),
	(128, '101', 89, '1995-08-01'),
	(129, '101', 78, '1995-09-01'),
	(130, '101', 73, '1995-10-01'),
	(131, '101', 79, '1995-11-01'),
	(132, '101', 90, '1995-12-01'),
	(133, '101', 98, '1996-01-01'),
	(134, '101', 92, '1996-02-01'),
	(135, '101', 86, '1996-03-01'),
	(136, '101', 77, '1996-04-01'),
	(137, '101', 76, '1996-05-01'),
	(138, '101', 81, '1996-06-01'),
	(139, '101', 85, '1996-07-01'),
	(140, '101', 86, '1996-08-01'),
	(141, '101', 79, '1996-09-01'),
	(142, '101', 74, '1996-10-01'),
	(143, '101', 81, '1996-11-01'),
	(144, '101', 90, '1996-12-01'),
	(145, '101', 98, '1997-01-01'),
	(146, '101', 89, '1997-02-01'),
	(147, '101', 83, '1997-03-01'),
	(148, '101', 76, '1997-04-01'),
	(149, '101', 73, '1997-05-01'),
	(150, '101', 79, '1997-06-01'),
	(151, '101', 88, '1997-07-01'),
	(152, '101', 87, '1997-08-01'),
	(153, '101', 81, '1997-09-01'),
	(154, '101', 77, '1997-10-01'),
	(155, '101', 82, '1997-11-01'),
	(156, '101', 92, '1997-12-01'),
	(157, '101', 94, '1998-01-01'),
	(158, '101', 87, '1998-02-01'),
	(159, '101', 86, '1998-03-01'),
	(160, '101', 76, '1998-04-01'),
	(161, '101', 78, '1998-05-01'),
	(162, '101', 86, '1998-06-01'),
	(163, '101', 93, '1998-07-01'),
	(164, '101', 93, '1998-08-01'),
	(165, '101', 87, '1998-09-01'),
	(166, '101', 80, '1998-10-01'),
	(167, '101', 81, '1998-11-01'),
	(168, '101', 91, '1998-12-01'),
	(169, '101', 102, '1999-01-01'),
	(170, '101', 91, '1999-02-01'),
	(171, '101', 90, '1999-03-01'),
	(172, '101', 80, '1999-04-01'),
	(173, '101', 79, '1999-05-01'),
	(174, '101', 87, '1999-06-01'),
	(175, '101', 97, '1999-07-01'),
	(176, '101', 96, '1999-08-01'),
	(177, '101', 87, '1999-09-01'),
	(178, '101', 80, '1999-10-01'),
	(179, '101', 82, '1999-11-01'),
	(180, '101', 94, '1999-12-01'),
	(181, '101', 102, '2000-01-01'),
	(182, '101', 94, '2000-02-01'),
	(183, '101', 88, '2000-03-01'),
	(184, '101', 81, '2000-04-01'),
	(185, '101', 84, '2000-05-01'),
	(186, '101', 91, '2000-06-01'),
	(187, '101', 95, '2000-07-01'),
	(188, '101', 99, '2000-08-01'),
	(189, '101', 90, '2000-09-01'),
	(190, '101', 83, '2000-10-01'),
	(191, '101', 88, '2000-11-01'),
	(192, '101', 102, '2000-12-01'),
	(193, '101', 109, '2001-01-01'),
	(194, '101', 97, '2001-02-01'),
	(195, '101', 92, '2001-03-01'),
	(196, '101', 82, '2001-04-01'),
	(197, '101', 82, '2001-05-01'),
	(198, '101', 90, '2001-06-01'),
	(199, '101', 96, '2001-07-01'),
	(200, '101', 99, '2001-08-01'),
	(201, '101', 88, '2001-09-01'),
	(202, '101', 82, '2001-10-01'),
	(203, '101', 82, '2001-11-01'),
	(204, '101', 93, '2001-12-01'),
	(205, '101', 102, '2002-01-01'),
	(206, '101', 95, '2002-02-01'),
	(207, '101', 93, '2002-03-01'),
	(208, '101', 85, '2002-04-01'),
	(209, '101', 85, '2002-05-01'),
	(210, '101', 93, '2002-06-01'),
	(211, '101', 102, '2002-07-01'),
	(212, '101', 101, '2002-08-01'),
	(213, '101', 93, '2002-09-01'),
	(214, '101', 86, '2002-10-01'),
	(215, '101', 88, '2002-11-01'),
	(216, '101', 100, '2002-12-01'),
	(217, '101', 110, '2003-01-01'),
	(218, '101', 103, '2003-02-01'),
	(219, '101', 94, '2003-03-01'),
	(220, '101', 85, '2003-04-01'),
	(221, '101', 85, '2003-05-01'),
	(222, '101', 91, '2003-06-01'),
	(223, '101', 102, '2003-07-01'),
	(224, '101', 104, '2003-08-01'),
	(225, '101', 92, '2003-09-01'),
	(226, '101', 86, '2003-10-01'),
	(227, '101', 88, '2003-11-01'),
	(228, '101', 103, '2003-12-01'),
	(229, '101', 113, '2004-01-01'),
	(230, '101', 106, '2004-02-01'),
	(231, '101', 95, '2004-03-01'),
	(232, '101', 86, '2004-04-01'),
	(233, '101', 89, '2004-05-01'),
	(234, '101', 95, '2004-06-01'),
	(235, '101', 101, '2004-07-01'),
	(236, '101', 100, '2004-08-01'),
	(237, '101', 94, '2004-09-01'),
	(238, '101', 87, '2004-10-01'),
	(239, '101', 89, '2004-11-01'),
	(240, '101', 105, '2004-12-01'),
	(241, '101', 111, '2005-01-01'),
	(242, '101', 101, '2005-02-01'),
	(243, '101', 98, '2005-03-01'),
	(244, '101', 86, '2005-04-01'),
	(245, '101', 87, '2005-05-01'),
	(246, '101', 99, '2005-06-01'),
	(247, '101', 108, '2005-07-01'),
	(248, '101', 109, '2005-08-01'),
	(249, '101', 99, '2005-09-01'),
	(250, '101', 89, '2005-10-01'),
	(251, '101', 90, '2005-11-01'),
	(252, '101', 108, '2005-12-01'),
	(253, '101', 104, '2006-01-01'),
	(254, '101', 101, '2006-02-01'),
	(255, '101', 98, '2006-03-01'),
	(256, '101', 87, '2006-04-01'),
	(257, '101', 90, '2006-05-01'),
	(258, '101', 100, '2006-06-01'),
	(259, '101', 110, '2006-07-01'),
	(260, '101', 111, '2006-08-01'),
	(261, '101', 95, '2006-09-01'),
	(262, '101', 90, '2006-10-01'),
	(263, '101', 92, '2006-11-01'),
	(264, '101', 103, '2006-12-01'),
	(265, '101', 112, '2007-01-01'),
	(266, '101', 111, '2007-02-01'),
	(267, '101', 99, '2007-03-01'),
	(268, '101', 90, '2007-04-01'),
	(269, '101', 92, '2007-05-01'),
	(270, '101', 100, '2007-06-01'),
	(271, '101', 107, '2007-07-01'),
	(272, '101', 114, '2007-08-01'),
	(273, '101', 101, '2007-09-01'),
	(274, '101', 93, '2007-10-01'),
	(275, '101', 93, '2007-11-01'),
	(276, '101', 106, '2007-12-01'),
	(277, '101', 114, '2008-01-01'),
	(278, '101', 108, '2008-02-01'),
	(279, '101', 100, '2008-03-01'),
	(280, '101', 90, '2008-04-01'),
	(281, '101', 91, '2008-05-01'),
	(282, '101', 103, '2008-06-01'),
	(283, '101', 110, '2008-07-01'),
	(284, '101', 107, '2008-08-01'),
	(285, '101', 97, '2008-09-01'),
	(286, '101', 90, '2008-10-01'),
	(287, '101', 93, '2008-11-01'),
	(288, '101', 109, '2008-12-01'),
	(289, '101', 116, '2009-01-01'),
	(290, '101', 104, '2009-02-01'),
	(291, '101', 97, '2009-03-01'),
	(292, '101', 88, '2009-04-01'),
	(293, '101', 87, '2009-05-01'),
	(294, '101', 97, '2009-06-01'),
	(295, '101', 103, '2009-07-01'),
	(296, '101', 105, '2009-08-01'),
	(297, '101', 94, '2009-09-01'),
	(298, '101', 89, '2009-10-01'),
	(299, '101', 89, '2009-11-01'),
	(300, '101', 110, '2009-12-01'),
	(301, '101', 119, '2010-01-01'),
	(302, '101', 110, '2010-02-01'),
	(303, '101', 98, '2010-03-01'),
	(304, '101', 86, '2010-04-01'),
	(305, '101', 90, '2010-05-01'),
	(306, '101', 104, '2010-06-01'),
	(307, '101', 112, '2010-07-01'),
	(308, '101', 112, '2010-08-01'),
	(309, '101', 100, '2010-09-01'),
	(310, '101', 88, '2010-10-01'),
	(311, '101', 92, '2010-11-01'),
	(312, '101', 114, '2010-12-01'),
	(313, '101', 119, '2011-01-01'),
	(314, '101', 107, '2011-02-01'),
	(315, '101', 99, '2011-03-01'),
	(316, '101', 89, '2011-04-01'),
	(317, '101', 90, '2011-05-01'),
	(318, '101', 102, '2011-06-01'),
	(319, '101', 114, '2011-07-01'),
	(320, '101', 113, '2011-08-01'),
	(321, '101', 99, '2011-09-01'),
	(322, '101', 90, '2011-10-01'),
	(323, '101', 93, '2011-11-01'),
	(324, '101', 107, '2011-12-01'),
	(325, '101', 111, '2012-01-01'),
	(326, '101', 103, '2012-02-01'),
	(327, '101', 93, '2012-03-01'),
	(328, '101', 87, '2012-04-01'),
	(329, '101', 92, '2012-05-01'),
	(330, '101', 101, '2012-06-01'),
	(331, '101', 113, '2012-07-01'),
	(332, '101', 109, '2012-08-01'),
	(333, '101', 96, '2012-09-01'),
	(334, '101', 90, '2012-10-01'),
	(335, '101', 94, '2012-11-01'),
	(336, '101', 105, '2012-12-01'),
	(337, '101', 115, '2013-01-01'),
	(338, '101', 106, '2013-02-01'),
	(339, '101', 102, '2013-03-01'),
	(340, '101', 91, '2013-04-01'),
	(341, '101', 90, '2013-05-01'),
	(342, '101', 100, '2013-06-01'),
	(343, '101', 110, '2013-07-01'),
	(344, '101', 108, '2013-08-01'),
	(345, '101', 99, '2013-09-01'),
	(346, '101', 91, '2013-10-01'),
	(347, '101', 97, '2013-11-01'),
	(348, '101', 113, '2013-12-01'),
	(349, '101', 124, '2014-01-01'),
	(350, '101', 112, '2014-02-01'),
	(351, '101', 104, '2014-03-01'),
	(352, '101', 90, '2014-04-01'),
	(353, '101', 92, '2014-05-01'),
	(354, '101', 101, '2014-06-01'),
	(355, '101', 108, '2014-07-01'),
	(356, '101', 108, '2014-08-01'),
	(357, '101', 100, '2014-09-01'),
	(358, '101', 92, '2014-10-01'),
	(359, '101', 99, '2014-11-01'),
	(360, '101', 109, '2014-12-01'),
	(361, '101', 120, '2015-01-01'),
	(362, '101', 116, '2015-02-01'),
	(363, '101', 104, '2015-03-01'),
	(364, '101', 89, '2015-04-01'),
	(365, '101', 91, '2015-05-01'),
	(366, '101', 102, '2015-06-01'),
	(367, '101', 111, '2015-07-01'),
	(368, '101', 110, '2015-08-01'),
	(369, '101', 101, '2015-09-01'),
	(370, '101', 91, '2015-10-01'),
	(371, '101', 93, '2015-11-01'),
	(372, '101', 103, '2015-12-01'),
	(373, '101', 117, '2016-01-01'),
	(374, '101', 106, '2016-02-01'),
	(375, '101', 95, '2016-03-01'),
	(376, '101', 89, '2016-04-01'),
	(377, '101', 90, '2016-05-01'),
	(378, '101', 104, '2016-06-01'),
	(379, '101', 114, '2016-07-01'),
	(380, '101', 115, '2016-08-01'),
	(381, '101', 102, '2016-09-01'),
	(382, '101', 91, '2016-10-01'),
	(383, '101', 92, '2016-11-01'),
	(384, '101', 112, '2016-12-01'),
	(385, '101', 114, '2017-01-01'),
	(386, '101', 99, '2017-02-01'),
	(387, '101', 101, '2017-03-01'),
	(388, '101', 88, '2017-04-01'),
	(389, '101', 92, '2017-05-01'),
	(390, '101', 102, '2017-06-01'),
	(391, '101', 112, '2017-07-01'),
	(392, '101', 108, '2017-08-01'),
	(393, '101', 98, '2017-09-01'),
	(394, '101', 93, '2017-10-01'),
	(395, '101', 97, '2017-11-01'),
	(396, '101', 114, '2017-12-01'),
	(397, '101', 129, '2018-01-01'),
	(398, '101', 72, '1985-01-01'),
	(399, '101', 70, '1985-02-01'),
	(400, '101', 62, '1985-03-01'),
	(401, '101', 57, '1985-04-01'),
	(402, '101', 55, '1985-05-01'),
	(403, '101', 58, '1985-06-01'),
	(404, '101', 62, '1985-07-01'),
	(405, '101', 63, '1985-08-01'),
	(406, '101', 60, '1985-09-01'),
	(407, '101', 56, '1985-10-01'),
	(408, '101', 58, '1985-11-01'),
	(409, '101', 68, '1985-12-01'),
	(410, '101', 73, '1986-01-01'),
	(411, '101', 67, '1986-02-01'),
	(412, '101', 62, '1986-03-01'),
	(413, '101', 57, '1986-04-01'),
	(414, '101', 55, '1986-05-01'),
	(415, '101', 59, '1986-06-01'),
	(416, '101', 65, '1986-07-01'),
	(417, '101', 64, '1986-08-01'),
	(418, '101', 61, '1986-09-01'),
	(419, '101', 57, '1986-10-01'),
	(420, '101', 59, '1986-11-01'),
	(421, '101', 68, '1986-12-01'),
	(422, '101', 73, '1987-01-01'),
	(423, '101', 70, '1987-02-01'),
	(424, '101', 65, '1987-03-01'),
	(425, '101', 60, '1987-04-01'),
	(426, '101', 58, '1987-05-01'),
	(427, '101', 63, '1987-06-01'),
	(428, '101', 68, '1987-07-01'),
	(429, '101', 70, '1987-08-01'),
	(430, '101', 64, '1987-09-01'),
	(431, '101', 60, '1987-10-01'),
	(432, '101', 62, '1987-11-01'),
	(433, '101', 70, '1987-12-01'),
	(434, '101', 79, '1988-01-01'),
	(435, '101', 76, '1988-02-01'),
	(436, '101', 70, '1988-03-01'),
	(437, '101', 63, '1988-04-01'),
	(438, '101', 61, '1988-05-01'),
	(439, '101', 67, '1988-06-01'),
	(440, '101', 72, '1988-07-01'),
	(441, '101', 75, '1988-08-01'),
	(442, '101', 67, '1988-09-01'),
	(443, '101', 63, '1988-10-01'),
	(444, '101', 65, '1988-11-01'),
	(445, '101', 73, '1988-12-01'),
	(446, '101', 77, '1989-01-01'),
	(447, '101', 76, '1989-02-01'),
	(448, '101', 73, '1989-03-01'),
	(449, '101', 65, '1989-04-01'),
	(450, '101', 63, '1989-05-01'),
	(451, '101', 68, '1989-06-01'),
	(452, '101', 74, '1989-07-01'),
	(453, '101', 75, '1989-08-01'),
	(454, '101', 69, '1989-09-01'),
	(455, '101', 65, '1989-10-01'),
	(456, '101', 69, '1989-11-01'),
	(457, '101', 84, '1989-12-01'),
	(458, '101', 84, '1990-01-01'),
	(459, '101', 77, '1990-02-01'),
	(460, '101', 73, '1990-03-01'),
	(461, '101', 67, '1990-04-01'),
	(462, '101', 65, '1990-05-01'),
	(463, '101', 71, '1990-06-01'),
	(464, '101', 76, '1990-07-01'),
	(465, '101', 77, '1990-08-01'),
	(466, '101', 73, '1990-09-01'),
	(467, '101', 67, '1990-10-01'),
	(468, '101', 68, '1990-11-01'),
	(469, '101', 77, '1990-12-01'),
	(470, '101', 86, '1991-01-01'),
	(471, '101', 77, '1991-02-01'),
	(472, '101', 73, '1991-03-01'),
	(473, '101', 67, '1991-04-01'),
	(474, '101', 68, '1991-05-01'),
	(475, '101', 74, '1991-06-01'),
	(476, '101', 80, '1991-07-01'),
	(477, '101', 79, '1991-08-01'),
	(478, '101', 73, '1991-09-01'),
	(479, '101', 68, '1991-10-01'),
	(480, '101', 72, '1991-11-01'),
	(481, '101', 79, '1991-12-01'),
	(482, '101', 85, '1992-01-01'),
	(483, '101', 80, '1992-02-01'),
	(484, '101', 74, '1992-03-01'),
	(485, '101', 69, '1992-04-01'),
	(486, '101', 67, '1992-05-01'),
	(487, '101', 71, '1992-06-01'),
	(488, '101', 77, '1992-07-01'),
	(489, '101', 76, '1992-08-01'),
	(490, '101', 72, '1992-09-01'),
	(491, '101', 69, '1992-10-01'),
	(492, '101', 73, '1992-11-01'),
	(493, '101', 84, '1992-12-01'),
	(494, '101', 87, '1993-01-01'),
	(495, '101', 84, '1993-02-01'),
	(496, '101', 79, '1993-03-01'),
	(497, '101', 71, '1993-04-01'),
	(498, '101', 67, '1993-05-01'),
	(499, '101', 74, '1993-06-01'),
	(500, '101', 82, '1993-07-01'),
	(501, '101', 82, '1993-08-01'),
	(502, '101', 74, '1993-09-01'),
	(503, '101', 69, '1993-10-01'),
	(504, '101', 74, '1993-11-01'),
	(505, '101', 84, '1993-12-01'),
	(506, '101', 94, '1994-01-01'),
	(507, '101', 87, '1994-02-01'),
	(508, '101', 79, '1994-03-01'),
	(509, '101', 70, '1994-04-01'),
	(510, '101', 69, '1994-05-01'),
	(511, '101', 77, '1994-06-01'),
	(512, '101', 83, '1994-07-01'),
	(513, '101', 81, '1994-08-01'),
	(514, '101', 75, '1994-09-01'),
	(515, '101', 71, '1994-10-01'),
	(516, '101', 75, '1994-11-01'),
	(517, '101', 84, '1994-12-01'),
	(518, '101', 92, '1995-01-01'),
	(519, '101', 87, '1995-02-01'),
	(520, '101', 81, '1995-03-01'),
	(521, '101', 73, '1995-04-01'),
	(522, '101', 73, '1995-05-01'),
	(523, '101', 78, '1995-06-01'),
	(524, '101', 85, '1995-07-01'),
	(525, '101', 89, '1995-08-01'),
	(526, '101', 78, '1995-09-01'),
	(527, '101', 73, '1995-10-01'),
	(528, '101', 79, '1995-11-01'),
	(529, '101', 90, '1995-12-01'),
	(530, '101', 98, '1996-01-01'),
	(531, '101', 92, '1996-02-01'),
	(532, '101', 86, '1996-03-01'),
	(533, '101', 77, '1996-04-01'),
	(534, '101', 76, '1996-05-01'),
	(535, '101', 81, '1996-06-01'),
	(536, '101', 85, '1996-07-01'),
	(537, '101', 86, '1996-08-01'),
	(538, '101', 79, '1996-09-01'),
	(539, '101', 74, '1996-10-01'),
	(540, '101', 81, '1996-11-01'),
	(541, '101', 90, '1996-12-01'),
	(542, '101', 98, '1997-01-01'),
	(543, '101', 89, '1997-02-01'),
	(544, '101', 83, '1997-03-01'),
	(545, '101', 76, '1997-04-01'),
	(546, '101', 73, '1997-05-01'),
	(547, '101', 79, '1997-06-01'),
	(548, '101', 88, '1997-07-01'),
	(549, '101', 87, '1997-08-01'),
	(550, '101', 81, '1997-09-01'),
	(551, '101', 77, '1997-10-01'),
	(552, '101', 82, '1997-11-01'),
	(553, '101', 92, '1997-12-01'),
	(554, '101', 94, '1998-01-01'),
	(555, '101', 87, '1998-02-01'),
	(556, '101', 86, '1998-03-01'),
	(557, '101', 76, '1998-04-01'),
	(558, '101', 78, '1998-05-01'),
	(559, '101', 86, '1998-06-01'),
	(560, '101', 93, '1998-07-01'),
	(561, '101', 93, '1998-08-01'),
	(562, '101', 87, '1998-09-01'),
	(563, '101', 80, '1998-10-01'),
	(564, '101', 81, '1998-11-01'),
	(565, '101', 91, '1998-12-01'),
	(566, '101', 102, '1999-01-01'),
	(567, '101', 91, '1999-02-01'),
	(568, '101', 90, '1999-03-01'),
	(569, '101', 80, '1999-04-01'),
	(570, '101', 79, '1999-05-01'),
	(571, '101', 87, '1999-06-01'),
	(572, '101', 97, '1999-07-01'),
	(573, '101', 96, '1999-08-01'),
	(574, '101', 87, '1999-09-01'),
	(575, '101', 80, '1999-10-01'),
	(576, '101', 82, '1999-11-01'),
	(577, '101', 94, '1999-12-01'),
	(578, '101', 102, '2000-01-01'),
	(579, '101', 94, '2000-02-01'),
	(580, '101', 88, '2000-03-01'),
	(581, '101', 81, '2000-04-01'),
	(582, '101', 84, '2000-05-01'),
	(583, '101', 91, '2000-06-01'),
	(584, '101', 95, '2000-07-01'),
	(585, '101', 99, '2000-08-01'),
	(586, '101', 90, '2000-09-01'),
	(587, '101', 83, '2000-10-01'),
	(588, '101', 88, '2000-11-01'),
	(589, '101', 102, '2000-12-01'),
	(590, '101', 109, '2001-01-01'),
	(591, '101', 97, '2001-02-01'),
	(592, '101', 92, '2001-03-01'),
	(593, '101', 82, '2001-04-01'),
	(594, '101', 82, '2001-05-01'),
	(595, '101', 90, '2001-06-01'),
	(596, '101', 96, '2001-07-01'),
	(597, '101', 99, '2001-08-01'),
	(598, '101', 88, '2001-09-01'),
	(599, '101', 82, '2001-10-01'),
	(600, '101', 82, '2001-11-01'),
	(601, '101', 93, '2001-12-01'),
	(602, '101', 102, '2002-01-01'),
	(603, '101', 95, '2002-02-01'),
	(604, '101', 93, '2002-03-01'),
	(605, '101', 85, '2002-04-01'),
	(606, '101', 85, '2002-05-01'),
	(607, '101', 93, '2002-06-01'),
	(608, '101', 102, '2002-07-01'),
	(609, '101', 101, '2002-08-01'),
	(610, '101', 93, '2002-09-01'),
	(611, '101', 86, '2002-10-01'),
	(612, '101', 88, '2002-11-01'),
	(613, '101', 100, '2002-12-01'),
	(614, '101', 110, '2003-01-01'),
	(615, '101', 103, '2003-02-01'),
	(616, '101', 94, '2003-03-01'),
	(617, '101', 85, '2003-04-01'),
	(618, '101', 85, '2003-05-01'),
	(619, '101', 91, '2003-06-01'),
	(620, '101', 102, '2003-07-01'),
	(621, '101', 104, '2003-08-01'),
	(622, '101', 92, '2003-09-01'),
	(623, '101', 86, '2003-10-01'),
	(624, '101', 88, '2003-11-01'),
	(625, '101', 103, '2003-12-01'),
	(626, '101', 113, '2004-01-01'),
	(627, '101', 106, '2004-02-01'),
	(628, '101', 95, '2004-03-01'),
	(629, '101', 86, '2004-04-01'),
	(630, '101', 89, '2004-05-01'),
	(631, '101', 95, '2004-06-01'),
	(632, '101', 101, '2004-07-01'),
	(633, '101', 100, '2004-08-01'),
	(634, '101', 94, '2004-09-01'),
	(635, '101', 87, '2004-10-01'),
	(636, '101', 89, '2004-11-01'),
	(637, '101', 105, '2004-12-01'),
	(638, '101', 111, '2005-01-01'),
	(639, '101', 101, '2005-02-01'),
	(640, '101', 98, '2005-03-01'),
	(641, '101', 86, '2005-04-01'),
	(642, '101', 87, '2005-05-01'),
	(643, '101', 99, '2005-06-01'),
	(644, '101', 108, '2005-07-01'),
	(645, '101', 109, '2005-08-01'),
	(646, '101', 99, '2005-09-01'),
	(647, '101', 89, '2005-10-01'),
	(648, '101', 90, '2005-11-01'),
	(649, '101', 108, '2005-12-01'),
	(650, '101', 104, '2006-01-01'),
	(651, '101', 101, '2006-02-01'),
	(652, '101', 98, '2006-03-01'),
	(653, '101', 87, '2006-04-01'),
	(654, '101', 90, '2006-05-01'),
	(655, '101', 100, '2006-06-01'),
	(656, '101', 110, '2006-07-01'),
	(657, '101', 111, '2006-08-01'),
	(658, '101', 95, '2006-09-01'),
	(659, '101', 90, '2006-10-01'),
	(660, '101', 92, '2006-11-01'),
	(661, '101', 103, '2006-12-01'),
	(662, '101', 112, '2007-01-01'),
	(663, '101', 111, '2007-02-01'),
	(664, '101', 99, '2007-03-01'),
	(665, '101', 90, '2007-04-01'),
	(666, '101', 92, '2007-05-01'),
	(667, '101', 100, '2007-06-01'),
	(668, '101', 107, '2007-07-01'),
	(669, '101', 114, '2007-08-01'),
	(670, '101', 101, '2007-09-01'),
	(671, '101', 93, '2007-10-01'),
	(672, '101', 93, '2007-11-01'),
	(673, '101', 106, '2007-12-01'),
	(674, '101', 114, '2008-01-01'),
	(675, '101', 108, '2008-02-01'),
	(676, '101', 100, '2008-03-01'),
	(677, '101', 90, '2008-04-01'),
	(678, '101', 91, '2008-05-01'),
	(679, '101', 103, '2008-06-01'),
	(680, '101', 110, '2008-07-01'),
	(681, '101', 107, '2008-08-01'),
	(682, '101', 97, '2008-09-01'),
	(683, '101', 90, '2008-10-01'),
	(684, '101', 93, '2008-11-01'),
	(685, '101', 109, '2008-12-01'),
	(686, '101', 116, '2009-01-01'),
	(687, '101', 104, '2009-02-01'),
	(688, '101', 97, '2009-03-01'),
	(689, '101', 88, '2009-04-01'),
	(690, '101', 87, '2009-05-01'),
	(691, '101', 97, '2009-06-01'),
	(692, '101', 103, '2009-07-01'),
	(693, '101', 105, '2009-08-01'),
	(694, '101', 94, '2009-09-01'),
	(695, '101', 89, '2009-10-01'),
	(696, '101', 89, '2009-11-01'),
	(697, '101', 110, '2009-12-01'),
	(698, '101', 119, '2010-01-01'),
	(699, '101', 110, '2010-02-01'),
	(700, '101', 98, '2010-03-01'),
	(701, '101', 86, '2010-04-01'),
	(702, '101', 90, '2010-05-01'),
	(703, '101', 104, '2010-06-01'),
	(704, '101', 112, '2010-07-01'),
	(705, '101', 112, '2010-08-01'),
	(706, '101', 100, '2010-09-01'),
	(707, '101', 88, '2010-10-01'),
	(708, '101', 92, '2010-11-01'),
	(709, '101', 114, '2010-12-01'),
	(710, '101', 119, '2011-01-01'),
	(711, '101', 107, '2011-02-01'),
	(712, '101', 99, '2011-03-01'),
	(713, '101', 89, '2011-04-01'),
	(714, '101', 90, '2011-05-01'),
	(715, '101', 102, '2011-06-01'),
	(716, '101', 114, '2011-07-01'),
	(717, '101', 113, '2011-08-01'),
	(718, '101', 99, '2011-09-01'),
	(719, '101', 90, '2011-10-01'),
	(720, '101', 93, '2011-11-01'),
	(721, '101', 107, '2011-12-01'),
	(722, '101', 111, '2012-01-01'),
	(723, '101', 103, '2012-02-01'),
	(724, '101', 93, '2012-03-01'),
	(725, '101', 87, '2012-04-01'),
	(726, '101', 92, '2012-05-01'),
	(727, '101', 101, '2012-06-01'),
	(728, '101', 113, '2012-07-01'),
	(729, '101', 109, '2012-08-01'),
	(730, '101', 96, '2012-09-01'),
	(731, '101', 90, '2012-10-01'),
	(732, '101', 94, '2012-11-01'),
	(733, '101', 105, '2012-12-01'),
	(734, '101', 115, '2013-01-01'),
	(735, '101', 106, '2013-02-01'),
	(736, '101', 102, '2013-03-01'),
	(737, '101', 91, '2013-04-01'),
	(738, '101', 90, '2013-05-01'),
	(739, '101', 100, '2013-06-01'),
	(740, '101', 110, '2013-07-01'),
	(741, '101', 108, '2013-08-01'),
	(742, '101', 99, '2013-09-01'),
	(743, '101', 91, '2013-10-01'),
	(744, '101', 97, '2013-11-01'),
	(745, '101', 113, '2013-12-01'),
	(746, '101', 124, '2014-01-01'),
	(747, '101', 112, '2014-02-01'),
	(748, '101', 104, '2014-03-01'),
	(749, '101', 90, '2014-04-01'),
	(750, '101', 92, '2014-05-01'),
	(751, '101', 101, '2014-06-01'),
	(752, '101', 108, '2014-07-01'),
	(753, '101', 108, '2014-08-01'),
	(754, '101', 100, '2014-09-01'),
	(755, '101', 92, '2014-10-01'),
	(756, '101', 99, '2014-11-01'),
	(757, '101', 109, '2014-12-01'),
	(758, '101', 120, '2015-01-01'),
	(759, '101', 116, '2015-02-01'),
	(760, '101', 104, '2015-03-01'),
	(761, '101', 89, '2015-04-01'),
	(762, '101', 91, '2015-05-01'),
	(763, '101', 102, '2015-06-01'),
	(764, '101', 111, '2015-07-01'),
	(765, '101', 110, '2015-08-01'),
	(766, '101', 101, '2015-09-01'),
	(767, '101', 91, '2015-10-01'),
	(768, '101', 93, '2015-11-01'),
	(769, '101', 103, '2015-12-01'),
	(770, '101', 117, '2016-01-01'),
	(771, '101', 106, '2016-02-01'),
	(772, '101', 95, '2016-03-01'),
	(773, '101', 89, '2016-04-01'),
	(774, '101', 90, '2016-05-01'),
	(775, '101', 104, '2016-06-01'),
	(776, '101', 114, '2016-07-01'),
	(777, '101', 115, '2016-08-01'),
	(778, '101', 102, '2016-09-01'),
	(779, '101', 91, '2016-10-01'),
	(780, '101', 92, '2016-11-01'),
	(781, '101', 112, '2016-12-01'),
	(782, '101', 114, '2017-01-01'),
	(783, '101', 99, '2017-02-01'),
	(784, '101', 101, '2017-03-01'),
	(785, '101', 88, '2017-04-01'),
	(786, '101', 92, '2017-05-01'),
	(787, '101', 102, '2017-06-01'),
	(788, '101', 112, '2017-07-01'),
	(789, '101', 108, '2017-08-01'),
	(790, '101', 98, '2017-09-01'),
	(791, '101', 93, '2017-10-01'),
	(792, '101', 97, '2017-11-01'),
	(793, '101', 114, '2017-12-01'),
	(794, '101', 129, '2018-01-01'),
	(795, '101', 72, '1985-01-01'),
	(796, '101', 70, '1985-02-01'),
	(797, '101', 62, '1985-03-01'),
	(798, '101', 57, '1985-04-01'),
	(799, '101', 55, '1985-05-01'),
	(800, '101', 58, '1985-06-01'),
	(801, '101', 62, '1985-07-01'),
	(802, '101', 63, '1985-08-01'),
	(803, '101', 60, '1985-09-01'),
	(804, '101', 56, '1985-10-01'),
	(805, '101', 58, '1985-11-01'),
	(806, '101', 68, '1985-12-01'),
	(807, '101', 73, '1986-01-01'),
	(808, '101', 67, '1986-02-01'),
	(809, '101', 62, '1986-03-01'),
	(810, '101', 57, '1986-04-01'),
	(811, '101', 55, '1986-05-01'),
	(812, '101', 59, '1986-06-01'),
	(813, '101', 65, '1986-07-01'),
	(814, '101', 64, '1986-08-01'),
	(815, '101', 61, '1986-09-01'),
	(816, '101', 57, '1986-10-01'),
	(817, '101', 59, '1986-11-01'),
	(818, '101', 68, '1986-12-01'),
	(819, '101', 73, '1987-01-01'),
	(820, '101', 70, '1987-02-01'),
	(821, '101', 65, '1987-03-01'),
	(822, '101', 60, '1987-04-01'),
	(823, '101', 58, '1987-05-01'),
	(824, '101', 63, '1987-06-01'),
	(825, '101', 68, '1987-07-01'),
	(826, '101', 70, '1987-08-01'),
	(827, '101', 64, '1987-09-01'),
	(828, '101', 60, '1987-10-01'),
	(829, '101', 62, '1987-11-01'),
	(830, '101', 70, '1987-12-01'),
	(831, '101', 79, '1988-01-01'),
	(832, '101', 76, '1988-02-01'),
	(833, '101', 70, '1988-03-01'),
	(834, '101', 63, '1988-04-01'),
	(835, '101', 61, '1988-05-01'),
	(836, '101', 67, '1988-06-01'),
	(837, '101', 72, '1988-07-01'),
	(838, '101', 75, '1988-08-01'),
	(839, '101', 67, '1988-09-01'),
	(840, '101', 63, '1988-10-01'),
	(841, '101', 65, '1988-11-01'),
	(842, '101', 73, '1988-12-01'),
	(843, '101', 77, '1989-01-01'),
	(844, '101', 76, '1989-02-01'),
	(845, '101', 73, '1989-03-01'),
	(846, '101', 65, '1989-04-01'),
	(847, '101', 63, '1989-05-01'),
	(848, '101', 68, '1989-06-01'),
	(849, '101', 74, '1989-07-01'),
	(850, '101', 75, '1989-08-01'),
	(851, '101', 69, '1989-09-01'),
	(852, '101', 65, '1989-10-01'),
	(853, '101', 69, '1989-11-01'),
	(854, '101', 84, '1989-12-01'),
	(855, '101', 84, '1990-01-01'),
	(856, '101', 77, '1990-02-01'),
	(857, '101', 73, '1990-03-01'),
	(858, '101', 67, '1990-04-01'),
	(859, '101', 65, '1990-05-01'),
	(860, '101', 71, '1990-06-01'),
	(861, '101', 76, '1990-07-01'),
	(862, '101', 77, '1990-08-01'),
	(863, '101', 73, '1990-09-01'),
	(864, '101', 67, '1990-10-01'),
	(865, '101', 68, '1990-11-01'),
	(866, '101', 77, '1990-12-01'),
	(867, '101', 86, '1991-01-01'),
	(868, '101', 77, '1991-02-01'),
	(869, '101', 73, '1991-03-01'),
	(870, '101', 67, '1991-04-01'),
	(871, '101', 68, '1991-05-01'),
	(872, '101', 74, '1991-06-01'),
	(873, '101', 80, '1991-07-01'),
	(874, '101', 79, '1991-08-01'),
	(875, '101', 73, '1991-09-01'),
	(876, '101', 68, '1991-10-01'),
	(877, '101', 72, '1991-11-01'),
	(878, '101', 79, '1991-12-01'),
	(879, '101', 85, '1992-01-01'),
	(880, '101', 80, '1992-02-01'),
	(881, '101', 74, '1992-03-01'),
	(882, '101', 69, '1992-04-01'),
	(883, '101', 67, '1992-05-01'),
	(884, '101', 71, '1992-06-01'),
	(885, '101', 77, '1992-07-01'),
	(886, '101', 76, '1992-08-01'),
	(887, '101', 72, '1992-09-01'),
	(888, '101', 69, '1992-10-01'),
	(889, '101', 73, '1992-11-01'),
	(890, '101', 84, '1992-12-01'),
	(891, '101', 87, '1993-01-01'),
	(892, '101', 84, '1993-02-01'),
	(893, '101', 79, '1993-03-01'),
	(894, '101', 71, '1993-04-01'),
	(895, '101', 67, '1993-05-01'),
	(896, '101', 74, '1993-06-01'),
	(897, '101', 82, '1993-07-01'),
	(898, '101', 82, '1993-08-01'),
	(899, '101', 74, '1993-09-01'),
	(900, '101', 69, '1993-10-01'),
	(901, '101', 74, '1993-11-01'),
	(902, '101', 84, '1993-12-01'),
	(903, '101', 94, '1994-01-01'),
	(904, '101', 87, '1994-02-01'),
	(905, '101', 79, '1994-03-01'),
	(906, '101', 70, '1994-04-01'),
	(907, '101', 69, '1994-05-01'),
	(908, '101', 77, '1994-06-01'),
	(909, '101', 83, '1994-07-01'),
	(910, '101', 81, '1994-08-01'),
	(911, '101', 75, '1994-09-01'),
	(912, '101', 71, '1994-10-01'),
	(913, '101', 75, '1994-11-01'),
	(914, '101', 84, '1994-12-01'),
	(915, '101', 92, '1995-01-01'),
	(916, '101', 87, '1995-02-01'),
	(917, '101', 81, '1995-03-01'),
	(918, '101', 73, '1995-04-01'),
	(919, '101', 73, '1995-05-01'),
	(920, '101', 78, '1995-06-01'),
	(921, '101', 85, '1995-07-01'),
	(922, '101', 89, '1995-08-01'),
	(923, '101', 78, '1995-09-01'),
	(924, '101', 73, '1995-10-01'),
	(925, '101', 79, '1995-11-01'),
	(926, '101', 90, '1995-12-01'),
	(927, '101', 98, '1996-01-01'),
	(928, '101', 92, '1996-02-01'),
	(929, '101', 86, '1996-03-01'),
	(930, '101', 77, '1996-04-01'),
	(931, '101', 76, '1996-05-01'),
	(932, '101', 81, '1996-06-01'),
	(933, '101', 85, '1996-07-01'),
	(934, '101', 86, '1996-08-01'),
	(935, '101', 79, '1996-09-01'),
	(936, '101', 74, '1996-10-01'),
	(937, '101', 81, '1996-11-01'),
	(938, '101', 90, '1996-12-01'),
	(939, '101', 98, '1997-01-01'),
	(940, '101', 89, '1997-02-01'),
	(941, '101', 83, '1997-03-01'),
	(942, '101', 76, '1997-04-01'),
	(943, '101', 73, '1997-05-01'),
	(944, '101', 79, '1997-06-01'),
	(945, '101', 88, '1997-07-01'),
	(946, '101', 87, '1997-08-01'),
	(947, '101', 81, '1997-09-01'),
	(948, '101', 77, '1997-10-01'),
	(949, '101', 82, '1997-11-01'),
	(950, '101', 92, '1997-12-01'),
	(951, '101', 94, '1998-01-01'),
	(952, '101', 87, '1998-02-01'),
	(953, '101', 86, '1998-03-01'),
	(954, '101', 76, '1998-04-01'),
	(955, '101', 78, '1998-05-01'),
	(956, '101', 86, '1998-06-01'),
	(957, '101', 93, '1998-07-01'),
	(958, '101', 93, '1998-08-01'),
	(959, '101', 87, '1998-09-01'),
	(960, '101', 80, '1998-10-01'),
	(961, '101', 81, '1998-11-01'),
	(962, '101', 91, '1998-12-01'),
	(963, '101', 102, '1999-01-01'),
	(964, '101', 91, '1999-02-01'),
	(965, '101', 90, '1999-03-01'),
	(966, '101', 80, '1999-04-01'),
	(967, '101', 79, '1999-05-01'),
	(968, '101', 87, '1999-06-01'),
	(969, '101', 97, '1999-07-01'),
	(970, '101', 96, '1999-08-01'),
	(971, '101', 87, '1999-09-01'),
	(972, '101', 80, '1999-10-01'),
	(973, '101', 82, '1999-11-01'),
	(974, '101', 94, '1999-12-01'),
	(975, '101', 102, '2000-01-01'),
	(976, '101', 94, '2000-02-01'),
	(977, '101', 88, '2000-03-01'),
	(978, '101', 81, '2000-04-01'),
	(979, '101', 84, '2000-05-01'),
	(980, '101', 91, '2000-06-01'),
	(981, '101', 95, '2000-07-01'),
	(982, '101', 99, '2000-08-01'),
	(983, '101', 90, '2000-09-01'),
	(984, '101', 83, '2000-10-01'),
	(985, '101', 88, '2000-11-01'),
	(986, '101', 102, '2000-12-01'),
	(987, '101', 109, '2001-01-01'),
	(988, '101', 97, '2001-02-01'),
	(989, '101', 92, '2001-03-01'),
	(990, '101', 82, '2001-04-01'),
	(991, '101', 82, '2001-05-01'),
	(992, '101', 90, '2001-06-01'),
	(993, '101', 96, '2001-07-01'),
	(994, '101', 99, '2001-08-01'),
	(995, '101', 88, '2001-09-01'),
	(996, '101', 82, '2001-10-01'),
	(997, '101', 82, '2001-11-01'),
	(998, '101', 93, '2001-12-01'),
	(999, '101', 102, '2002-01-01'),
	(1000, '101', 95, '2002-02-01'),
	(1001, '101', 93, '2002-03-01'),
	(1002, '101', 85, '2002-04-01'),
	(1003, '101', 85, '2002-05-01'),
	(1004, '101', 93, '2002-06-01'),
	(1005, '101', 102, '2002-07-01'),
	(1006, '101', 101, '2002-08-01'),
	(1007, '101', 93, '2002-09-01'),
	(1008, '101', 86, '2002-10-01'),
	(1009, '101', 88, '2002-11-01'),
	(1010, '101', 100, '2002-12-01'),
	(1011, '101', 110, '2003-01-01'),
	(1012, '101', 103, '2003-02-01'),
	(1013, '101', 94, '2003-03-01'),
	(1014, '101', 85, '2003-04-01'),
	(1015, '101', 85, '2003-05-01'),
	(1016, '101', 91, '2003-06-01'),
	(1017, '101', 102, '2003-07-01'),
	(1018, '101', 104, '2003-08-01'),
	(1019, '101', 92, '2003-09-01'),
	(1020, '101', 86, '2003-10-01'),
	(1021, '101', 88, '2003-11-01'),
	(1022, '101', 103, '2003-12-01'),
	(1023, '101', 113, '2004-01-01'),
	(1024, '101', 106, '2004-02-01'),
	(1025, '101', 95, '2004-03-01'),
	(1026, '101', 86, '2004-04-01'),
	(1027, '101', 89, '2004-05-01'),
	(1028, '101', 95, '2004-06-01'),
	(1029, '101', 101, '2004-07-01'),
	(1030, '101', 100, '2004-08-01'),
	(1031, '101', 94, '2004-09-01'),
	(1032, '101', 87, '2004-10-01'),
	(1033, '101', 89, '2004-11-01'),
	(1034, '101', 105, '2004-12-01'),
	(1035, '101', 111, '2005-01-01'),
	(1036, '101', 101, '2005-02-01'),
	(1037, '101', 98, '2005-03-01'),
	(1038, '101', 86, '2005-04-01'),
	(1039, '101', 87, '2005-05-01'),
	(1040, '101', 99, '2005-06-01'),
	(1041, '101', 108, '2005-07-01'),
	(1042, '101', 109, '2005-08-01'),
	(1043, '101', 99, '2005-09-01'),
	(1044, '101', 89, '2005-10-01'),
	(1045, '101', 90, '2005-11-01'),
	(1046, '101', 108, '2005-12-01'),
	(1047, '101', 104, '2006-01-01'),
	(1048, '101', 101, '2006-02-01'),
	(1049, '101', 98, '2006-03-01'),
	(1050, '101', 87, '2006-04-01'),
	(1051, '101', 90, '2006-05-01'),
	(1052, '101', 100, '2006-06-01'),
	(1053, '101', 110, '2006-07-01'),
	(1054, '101', 111, '2006-08-01'),
	(1055, '101', 95, '2006-09-01'),
	(1056, '101', 90, '2006-10-01'),
	(1057, '101', 92, '2006-11-01'),
	(1058, '101', 103, '2006-12-01'),
	(1059, '101', 112, '2007-01-01'),
	(1060, '101', 111, '2007-02-01'),
	(1061, '101', 99, '2007-03-01'),
	(1062, '101', 90, '2007-04-01'),
	(1063, '101', 92, '2007-05-01'),
	(1064, '101', 100, '2007-06-01'),
	(1065, '101', 107, '2007-07-01'),
	(1066, '101', 114, '2007-08-01'),
	(1067, '101', 101, '2007-09-01'),
	(1068, '101', 93, '2007-10-01'),
	(1069, '101', 93, '2007-11-01'),
	(1070, '101', 106, '2007-12-01'),
	(1071, '101', 114, '2008-01-01'),
	(1072, '101', 108, '2008-02-01'),
	(1073, '101', 100, '2008-03-01'),
	(1074, '101', 90, '2008-04-01'),
	(1075, '101', 91, '2008-05-01'),
	(1076, '101', 103, '2008-06-01'),
	(1077, '101', 110, '2008-07-01'),
	(1078, '101', 107, '2008-08-01'),
	(1079, '101', 97, '2008-09-01'),
	(1080, '101', 90, '2008-10-01'),
	(1081, '101', 93, '2008-11-01'),
	(1082, '101', 109, '2008-12-01'),
	(1083, '101', 116, '2009-01-01'),
	(1084, '101', 104, '2009-02-01'),
	(1085, '101', 97, '2009-03-01'),
	(1086, '101', 88, '2009-04-01'),
	(1087, '101', 87, '2009-05-01'),
	(1088, '101', 97, '2009-06-01'),
	(1089, '101', 103, '2009-07-01'),
	(1090, '101', 105, '2009-08-01'),
	(1091, '101', 94, '2009-09-01'),
	(1092, '101', 89, '2009-10-01'),
	(1093, '101', 89, '2009-11-01'),
	(1094, '101', 110, '2009-12-01'),
	(1095, '101', 119, '2010-01-01'),
	(1096, '101', 110, '2010-02-01'),
	(1097, '101', 98, '2010-03-01'),
	(1098, '101', 86, '2010-04-01'),
	(1099, '101', 90, '2010-05-01'),
	(1100, '101', 104, '2010-06-01'),
	(1101, '101', 112, '2010-07-01'),
	(1102, '101', 112, '2010-08-01'),
	(1103, '101', 100, '2010-09-01'),
	(1104, '101', 88, '2010-10-01'),
	(1105, '101', 92, '2010-11-01'),
	(1106, '101', 114, '2010-12-01'),
	(1107, '101', 119, '2011-01-01'),
	(1108, '101', 107, '2011-02-01'),
	(1109, '101', 99, '2011-03-01'),
	(1110, '101', 89, '2011-04-01'),
	(1111, '101', 90, '2011-05-01'),
	(1112, '101', 102, '2011-06-01'),
	(1113, '101', 114, '2011-07-01'),
	(1114, '101', 113, '2011-08-01'),
	(1115, '101', 99, '2011-09-01'),
	(1116, '101', 90, '2011-10-01'),
	(1117, '101', 93, '2011-11-01'),
	(1118, '101', 107, '2011-12-01'),
	(1119, '101', 111, '2012-01-01'),
	(1120, '101', 103, '2012-02-01'),
	(1121, '101', 93, '2012-03-01'),
	(1122, '101', 87, '2012-04-01'),
	(1123, '101', 92, '2012-05-01'),
	(1124, '101', 101, '2012-06-01'),
	(1125, '101', 113, '2012-07-01'),
	(1126, '101', 109, '2012-08-01'),
	(1127, '101', 96, '2012-09-01'),
	(1128, '101', 90, '2012-10-01'),
	(1129, '101', 94, '2012-11-01'),
	(1130, '101', 105, '2012-12-01'),
	(1131, '101', 115, '2013-01-01'),
	(1132, '101', 106, '2013-02-01'),
	(1133, '101', 102, '2013-03-01'),
	(1134, '101', 91, '2013-04-01'),
	(1135, '101', 90, '2013-05-01'),
	(1136, '101', 100, '2013-06-01'),
	(1137, '101', 110, '2013-07-01'),
	(1138, '101', 108, '2013-08-01'),
	(1139, '101', 99, '2013-09-01'),
	(1140, '101', 91, '2013-10-01'),
	(1141, '101', 97, '2013-11-01'),
	(1142, '101', 113, '2013-12-01'),
	(1143, '101', 124, '2014-01-01'),
	(1144, '101', 112, '2014-02-01'),
	(1145, '101', 104, '2014-03-01'),
	(1146, '101', 90, '2014-04-01'),
	(1147, '101', 92, '2014-05-01'),
	(1148, '101', 101, '2014-06-01'),
	(1149, '101', 108, '2014-07-01'),
	(1150, '101', 108, '2014-08-01'),
	(1151, '101', 100, '2014-09-01'),
	(1152, '101', 92, '2014-10-01'),
	(1153, '101', 99, '2014-11-01'),
	(1154, '101', 109, '2014-12-01'),
	(1155, '101', 120, '2015-01-01'),
	(1156, '101', 116, '2015-02-01'),
	(1157, '101', 104, '2015-03-01'),
	(1158, '101', 89, '2015-04-01'),
	(1159, '101', 91, '2015-05-01'),
	(1160, '101', 102, '2015-06-01'),
	(1161, '101', 111, '2015-07-01'),
	(1162, '101', 110, '2015-08-01'),
	(1163, '101', 101, '2015-09-01'),
	(1164, '101', 91, '2015-10-01'),
	(1165, '101', 93, '2015-11-01'),
	(1166, '101', 103, '2015-12-01'),
	(1167, '101', 117, '2016-01-01'),
	(1168, '101', 106, '2016-02-01'),
	(1169, '101', 95, '2016-03-01'),
	(1170, '101', 89, '2016-04-01'),
	(1171, '101', 90, '2016-05-01'),
	(1172, '101', 104, '2016-06-01'),
	(1173, '101', 114, '2016-07-01'),
	(1174, '101', 115, '2016-08-01'),
	(1175, '101', 102, '2016-09-01'),
	(1176, '101', 91, '2016-10-01'),
	(1177, '101', 92, '2016-11-01'),
	(1178, '101', 112, '2016-12-01'),
	(1179, '101', 114, '2017-01-01'),
	(1180, '101', 99, '2017-02-01'),
	(1181, '101', 101, '2017-03-01'),
	(1182, '101', 88, '2017-04-01'),
	(1183, '101', 92, '2017-05-01'),
	(1184, '101', 102, '2017-06-01'),
	(1185, '101', 112, '2017-07-01'),
	(1186, '101', 108, '2017-08-01'),
	(1187, '101', 98, '2017-09-01'),
	(1188, '101', 93, '2017-10-01'),
	(1189, '101', 97, '2017-11-01'),
	(1190, '101', 114, '2017-12-01'),
	(1191, '101', 129, '2018-01-01'),
	(1192, '101', 72, '1985-01-01'),
	(1193, '101', 70, '1985-02-01'),
	(1194, '101', 62, '1985-03-01'),
	(1195, '101', 57, '1985-04-01'),
	(1196, '101', 55, '1985-05-01'),
	(1197, '101', 58, '1985-06-01'),
	(1198, '101', 62, '1985-07-01'),
	(1199, '101', 63, '1985-08-01'),
	(1200, '101', 60, '1985-09-01'),
	(1201, '101', 56, '1985-10-01'),
	(1202, '101', 58, '1985-11-01'),
	(1203, '101', 68, '1985-12-01'),
	(1204, '101', 73, '1986-01-01'),
	(1205, '101', 67, '1986-02-01'),
	(1206, '101', 62, '1986-03-01'),
	(1207, '101', 57, '1986-04-01'),
	(1208, '101', 55, '1986-05-01'),
	(1209, '101', 59, '1986-06-01'),
	(1210, '101', 65, '1986-07-01'),
	(1211, '101', 64, '1986-08-01'),
	(1212, '101', 61, '1986-09-01'),
	(1213, '101', 57, '1986-10-01'),
	(1214, '101', 59, '1986-11-01'),
	(1215, '101', 68, '1986-12-01'),
	(1216, '101', 73, '1987-01-01'),
	(1217, '101', 70, '1987-02-01'),
	(1218, '101', 65, '1987-03-01'),
	(1219, '101', 60, '1987-04-01'),
	(1220, '101', 58, '1987-05-01'),
	(1221, '101', 63, '1987-06-01'),
	(1222, '101', 68, '1987-07-01'),
	(1223, '101', 70, '1987-08-01'),
	(1224, '101', 64, '1987-09-01'),
	(1225, '101', 60, '1987-10-01'),
	(1226, '101', 62, '1987-11-01'),
	(1227, '101', 70, '1987-12-01'),
	(1228, '101', 79, '1988-01-01'),
	(1229, '101', 76, '1988-02-01'),
	(1230, '101', 70, '1988-03-01'),
	(1231, '101', 63, '1988-04-01'),
	(1232, '101', 61, '1988-05-01'),
	(1233, '101', 67, '1988-06-01'),
	(1234, '101', 72, '1988-07-01'),
	(1235, '101', 75, '1988-08-01'),
	(1236, '101', 67, '1988-09-01'),
	(1237, '101', 63, '1988-10-01'),
	(1238, '101', 65, '1988-11-01'),
	(1239, '101', 73, '1988-12-01'),
	(1240, '101', 77, '1989-01-01'),
	(1241, '101', 76, '1989-02-01'),
	(1242, '101', 73, '1989-03-01'),
	(1243, '101', 65, '1989-04-01'),
	(1244, '101', 63, '1989-05-01'),
	(1245, '101', 68, '1989-06-01'),
	(1246, '101', 74, '1989-07-01'),
	(1247, '101', 75, '1989-08-01'),
	(1248, '101', 69, '1989-09-01'),
	(1249, '101', 65, '1989-10-01'),
	(1250, '101', 69, '1989-11-01'),
	(1251, '101', 84, '1989-12-01'),
	(1252, '101', 84, '1990-01-01'),
	(1253, '101', 77, '1990-02-01'),
	(1254, '101', 73, '1990-03-01'),
	(1255, '101', 67, '1990-04-01'),
	(1256, '101', 65, '1990-05-01'),
	(1257, '101', 71, '1990-06-01'),
	(1258, '101', 76, '1990-07-01'),
	(1259, '101', 77, '1990-08-01'),
	(1260, '101', 73, '1990-09-01'),
	(1261, '101', 67, '1990-10-01'),
	(1262, '101', 68, '1990-11-01'),
	(1263, '101', 77, '1990-12-01'),
	(1264, '101', 86, '1991-01-01'),
	(1265, '101', 77, '1991-02-01'),
	(1266, '101', 73, '1991-03-01'),
	(1267, '101', 67, '1991-04-01'),
	(1268, '101', 68, '1991-05-01'),
	(1269, '101', 74, '1991-06-01'),
	(1270, '101', 80, '1991-07-01'),
	(1271, '101', 79, '1991-08-01'),
	(1272, '101', 73, '1991-09-01'),
	(1273, '101', 68, '1991-10-01'),
	(1274, '101', 72, '1991-11-01'),
	(1275, '101', 79, '1991-12-01'),
	(1276, '101', 85, '1992-01-01'),
	(1277, '101', 80, '1992-02-01'),
	(1278, '101', 74, '1992-03-01'),
	(1279, '101', 69, '1992-04-01'),
	(1280, '101', 67, '1992-05-01'),
	(1281, '101', 71, '1992-06-01'),
	(1282, '101', 77, '1992-07-01'),
	(1283, '101', 76, '1992-08-01'),
	(1284, '101', 72, '1992-09-01'),
	(1285, '101', 69, '1992-10-01'),
	(1286, '101', 73, '1992-11-01'),
	(1287, '101', 84, '1992-12-01'),
	(1288, '101', 87, '1993-01-01'),
	(1289, '101', 84, '1993-02-01'),
	(1290, '101', 79, '1993-03-01'),
	(1291, '101', 71, '1993-04-01'),
	(1292, '101', 67, '1993-05-01'),
	(1293, '101', 74, '1993-06-01'),
	(1294, '101', 82, '1993-07-01'),
	(1295, '101', 82, '1993-08-01'),
	(1296, '101', 74, '1993-09-01'),
	(1297, '101', 69, '1993-10-01'),
	(1298, '101', 74, '1993-11-01'),
	(1299, '101', 84, '1993-12-01'),
	(1300, '101', 94, '1994-01-01'),
	(1301, '101', 87, '1994-02-01'),
	(1302, '101', 79, '1994-03-01'),
	(1303, '101', 70, '1994-04-01'),
	(1304, '101', 69, '1994-05-01'),
	(1305, '101', 77, '1994-06-01'),
	(1306, '101', 83, '1994-07-01'),
	(1307, '101', 81, '1994-08-01'),
	(1308, '101', 75, '1994-09-01'),
	(1309, '101', 71, '1994-10-01'),
	(1310, '101', 75, '1994-11-01'),
	(1311, '101', 84, '1994-12-01'),
	(1312, '101', 92, '1995-01-01'),
	(1313, '101', 87, '1995-02-01'),
	(1314, '101', 81, '1995-03-01'),
	(1315, '101', 73, '1995-04-01'),
	(1316, '101', 73, '1995-05-01'),
	(1317, '101', 78, '1995-06-01'),
	(1318, '101', 85, '1995-07-01'),
	(1319, '101', 89, '1995-08-01'),
	(1320, '101', 78, '1995-09-01'),
	(1321, '101', 73, '1995-10-01'),
	(1322, '101', 79, '1995-11-01'),
	(1323, '101', 90, '1995-12-01'),
	(1324, '101', 98, '1996-01-01'),
	(1325, '101', 92, '1996-02-01'),
	(1326, '101', 86, '1996-03-01'),
	(1327, '101', 77, '1996-04-01'),
	(1328, '101', 76, '1996-05-01'),
	(1329, '101', 81, '1996-06-01'),
	(1330, '101', 85, '1996-07-01'),
	(1331, '101', 86, '1996-08-01'),
	(1332, '101', 79, '1996-09-01'),
	(1333, '101', 74, '1996-10-01'),
	(1334, '101', 81, '1996-11-01'),
	(1335, '101', 90, '1996-12-01'),
	(1336, '101', 98, '1997-01-01'),
	(1337, '101', 89, '1997-02-01'),
	(1338, '101', 83, '1997-03-01'),
	(1339, '101', 76, '1997-04-01'),
	(1340, '101', 73, '1997-05-01'),
	(1341, '101', 79, '1997-06-01'),
	(1342, '101', 88, '1997-07-01'),
	(1343, '101', 87, '1997-08-01'),
	(1344, '101', 81, '1997-09-01'),
	(1345, '101', 77, '1997-10-01'),
	(1346, '101', 82, '1997-11-01'),
	(1347, '101', 92, '1997-12-01'),
	(1348, '101', 94, '1998-01-01'),
	(1349, '101', 87, '1998-02-01'),
	(1350, '101', 86, '1998-03-01'),
	(1351, '101', 76, '1998-04-01'),
	(1352, '101', 78, '1998-05-01'),
	(1353, '101', 86, '1998-06-01'),
	(1354, '101', 93, '1998-07-01'),
	(1355, '101', 93, '1998-08-01'),
	(1356, '101', 87, '1998-09-01'),
	(1357, '101', 80, '1998-10-01'),
	(1358, '101', 81, '1998-11-01'),
	(1359, '101', 91, '1998-12-01'),
	(1360, '101', 102, '1999-01-01'),
	(1361, '101', 91, '1999-02-01'),
	(1362, '101', 90, '1999-03-01'),
	(1363, '101', 80, '1999-04-01'),
	(1364, '101', 79, '1999-05-01'),
	(1365, '101', 87, '1999-06-01'),
	(1366, '101', 97, '1999-07-01'),
	(1367, '101', 96, '1999-08-01'),
	(1368, '101', 87, '1999-09-01'),
	(1369, '101', 80, '1999-10-01'),
	(1370, '101', 82, '1999-11-01'),
	(1371, '101', 94, '1999-12-01'),
	(1372, '101', 102, '2000-01-01'),
	(1373, '101', 94, '2000-02-01'),
	(1374, '101', 88, '2000-03-01'),
	(1375, '101', 81, '2000-04-01'),
	(1376, '101', 84, '2000-05-01'),
	(1377, '101', 91, '2000-06-01'),
	(1378, '101', 95, '2000-07-01'),
	(1379, '101', 99, '2000-08-01'),
	(1380, '101', 90, '2000-09-01'),
	(1381, '101', 83, '2000-10-01'),
	(1382, '101', 88, '2000-11-01'),
	(1383, '101', 102, '2000-12-01'),
	(1384, '101', 109, '2001-01-01'),
	(1385, '101', 97, '2001-02-01'),
	(1386, '101', 92, '2001-03-01'),
	(1387, '101', 82, '2001-04-01'),
	(1388, '101', 82, '2001-05-01'),
	(1389, '101', 90, '2001-06-01'),
	(1390, '101', 96, '2001-07-01'),
	(1391, '101', 99, '2001-08-01'),
	(1392, '101', 88, '2001-09-01'),
	(1393, '101', 82, '2001-10-01'),
	(1394, '101', 82, '2001-11-01'),
	(1395, '101', 93, '2001-12-01'),
	(1396, '101', 102, '2002-01-01'),
	(1397, '101', 95, '2002-02-01'),
	(1398, '101', 93, '2002-03-01'),
	(1399, '101', 85, '2002-04-01'),
	(1400, '101', 85, '2002-05-01'),
	(1401, '101', 93, '2002-06-01'),
	(1402, '101', 102, '2002-07-01'),
	(1403, '101', 101, '2002-08-01'),
	(1404, '101', 93, '2002-09-01'),
	(1405, '101', 86, '2002-10-01'),
	(1406, '101', 88, '2002-11-01'),
	(1407, '101', 100, '2002-12-01'),
	(1408, '101', 110, '2003-01-01'),
	(1409, '101', 103, '2003-02-01'),
	(1410, '101', 94, '2003-03-01'),
	(1411, '101', 85, '2003-04-01'),
	(1412, '101', 85, '2003-05-01'),
	(1413, '101', 91, '2003-06-01'),
	(1414, '101', 102, '2003-07-01'),
	(1415, '101', 104, '2003-08-01'),
	(1416, '101', 92, '2003-09-01'),
	(1417, '101', 86, '2003-10-01'),
	(1418, '101', 88, '2003-11-01'),
	(1419, '101', 103, '2003-12-01'),
	(1420, '101', 113, '2004-01-01'),
	(1421, '101', 106, '2004-02-01'),
	(1422, '101', 95, '2004-03-01'),
	(1423, '101', 86, '2004-04-01'),
	(1424, '101', 89, '2004-05-01'),
	(1425, '101', 95, '2004-06-01'),
	(1426, '101', 101, '2004-07-01'),
	(1427, '101', 100, '2004-08-01'),
	(1428, '101', 94, '2004-09-01'),
	(1429, '101', 87, '2004-10-01'),
	(1430, '101', 89, '2004-11-01'),
	(1431, '101', 105, '2004-12-01'),
	(1432, '101', 111, '2005-01-01'),
	(1433, '101', 101, '2005-02-01'),
	(1434, '101', 98, '2005-03-01'),
	(1435, '101', 86, '2005-04-01'),
	(1436, '101', 87, '2005-05-01'),
	(1437, '101', 99, '2005-06-01'),
	(1438, '101', 108, '2005-07-01'),
	(1439, '101', 109, '2005-08-01'),
	(1440, '101', 99, '2005-09-01'),
	(1441, '101', 89, '2005-10-01'),
	(1442, '101', 90, '2005-11-01'),
	(1443, '101', 108, '2005-12-01'),
	(1444, '101', 104, '2006-01-01'),
	(1445, '101', 101, '2006-02-01'),
	(1446, '101', 98, '2006-03-01'),
	(1447, '101', 87, '2006-04-01'),
	(1448, '101', 90, '2006-05-01'),
	(1449, '101', 100, '2006-06-01'),
	(1450, '101', 110, '2006-07-01'),
	(1451, '101', 111, '2006-08-01'),
	(1452, '101', 95, '2006-09-01'),
	(1453, '101', 90, '2006-10-01'),
	(1454, '101', 92, '2006-11-01'),
	(1455, '101', 103, '2006-12-01'),
	(1456, '101', 112, '2007-01-01'),
	(1457, '101', 111, '2007-02-01'),
	(1458, '101', 99, '2007-03-01'),
	(1459, '101', 90, '2007-04-01'),
	(1460, '101', 92, '2007-05-01'),
	(1461, '101', 100, '2007-06-01'),
	(1462, '101', 107, '2007-07-01'),
	(1463, '101', 114, '2007-08-01'),
	(1464, '101', 101, '2007-09-01'),
	(1465, '101', 93, '2007-10-01'),
	(1466, '101', 93, '2007-11-01'),
	(1467, '101', 106, '2007-12-01'),
	(1468, '101', 114, '2008-01-01'),
	(1469, '101', 108, '2008-02-01'),
	(1470, '101', 100, '2008-03-01'),
	(1471, '101', 90, '2008-04-01'),
	(1472, '101', 91, '2008-05-01'),
	(1473, '101', 103, '2008-06-01'),
	(1474, '101', 110, '2008-07-01'),
	(1475, '101', 107, '2008-08-01'),
	(1476, '101', 97, '2008-09-01'),
	(1477, '101', 90, '2008-10-01'),
	(1478, '101', 93, '2008-11-01'),
	(1479, '101', 109, '2008-12-01'),
	(1480, '101', 116, '2009-01-01'),
	(1481, '101', 104, '2009-02-01'),
	(1482, '101', 97, '2009-03-01'),
	(1483, '101', 88, '2009-04-01'),
	(1484, '101', 87, '2009-05-01'),
	(1485, '101', 97, '2009-06-01'),
	(1486, '101', 103, '2009-07-01'),
	(1487, '101', 105, '2009-08-01'),
	(1488, '101', 94, '2009-09-01'),
	(1489, '101', 89, '2009-10-01'),
	(1490, '101', 89, '2009-11-01'),
	(1491, '101', 110, '2009-12-01'),
	(1492, '101', 119, '2010-01-01'),
	(1493, '101', 110, '2010-02-01'),
	(1494, '101', 98, '2010-03-01'),
	(1495, '101', 86, '2010-04-01'),
	(1496, '101', 90, '2010-05-01'),
	(1497, '101', 104, '2010-06-01'),
	(1498, '101', 112, '2010-07-01'),
	(1499, '101', 112, '2010-08-01'),
	(1500, '101', 100, '2010-09-01'),
	(1501, '101', 88, '2010-10-01'),
	(1502, '101', 92, '2010-11-01'),
	(1503, '101', 114, '2010-12-01'),
	(1504, '101', 119, '2011-01-01'),
	(1505, '101', 107, '2011-02-01'),
	(1506, '101', 99, '2011-03-01'),
	(1507, '101', 89, '2011-04-01'),
	(1508, '101', 90, '2011-05-01'),
	(1509, '101', 102, '2011-06-01'),
	(1510, '101', 114, '2011-07-01'),
	(1511, '101', 113, '2011-08-01'),
	(1512, '101', 99, '2011-09-01'),
	(1513, '101', 90, '2011-10-01'),
	(1514, '101', 93, '2011-11-01'),
	(1515, '101', 107, '2011-12-01'),
	(1516, '101', 111, '2012-01-01'),
	(1517, '101', 103, '2012-02-01'),
	(1518, '101', 93, '2012-03-01'),
	(1519, '101', 87, '2012-04-01'),
	(1520, '101', 92, '2012-05-01'),
	(1521, '101', 101, '2012-06-01'),
	(1522, '101', 113, '2012-07-01'),
	(1523, '101', 109, '2012-08-01'),
	(1524, '101', 96, '2012-09-01'),
	(1525, '101', 90, '2012-10-01'),
	(1526, '101', 94, '2012-11-01'),
	(1527, '101', 105, '2012-12-01'),
	(1528, '101', 115, '2013-01-01'),
	(1529, '101', 106, '2013-02-01'),
	(1530, '101', 102, '2013-03-01'),
	(1531, '101', 91, '2013-04-01'),
	(1532, '101', 90, '2013-05-01'),
	(1533, '101', 100, '2013-06-01'),
	(1534, '101', 110, '2013-07-01'),
	(1535, '101', 108, '2013-08-01'),
	(1536, '101', 99, '2013-09-01'),
	(1537, '101', 91, '2013-10-01'),
	(1538, '101', 97, '2013-11-01'),
	(1539, '101', 113, '2013-12-01'),
	(1540, '101', 124, '2014-01-01'),
	(1541, '101', 112, '2014-02-01'),
	(1542, '101', 104, '2014-03-01'),
	(1543, '101', 90, '2014-04-01'),
	(1544, '101', 92, '2014-05-01'),
	(1545, '101', 101, '2014-06-01'),
	(1546, '101', 108, '2014-07-01'),
	(1547, '101', 108, '2014-08-01'),
	(1548, '101', 100, '2014-09-01'),
	(1549, '101', 92, '2014-10-01'),
	(1550, '101', 99, '2014-11-01'),
	(1551, '101', 109, '2014-12-01'),
	(1552, '101', 120, '2015-01-01'),
	(1553, '101', 116, '2015-02-01'),
	(1554, '101', 104, '2015-03-01'),
	(1555, '101', 89, '2015-04-01'),
	(1556, '101', 91, '2015-05-01'),
	(1557, '101', 102, '2015-06-01'),
	(1558, '101', 111, '2015-07-01'),
	(1559, '101', 110, '2015-08-01'),
	(1560, '101', 101, '2015-09-01'),
	(1561, '101', 91, '2015-10-01'),
	(1562, '101', 93, '2015-11-01'),
	(1563, '101', 103, '2015-12-01'),
	(1564, '101', 117, '2016-01-01'),
	(1565, '101', 106, '2016-02-01'),
	(1566, '101', 95, '2016-03-01'),
	(1567, '101', 89, '2016-04-01'),
	(1568, '101', 90, '2016-05-01'),
	(1569, '101', 104, '2016-06-01'),
	(1570, '101', 114, '2016-07-01'),
	(1571, '101', 115, '2016-08-01'),
	(1572, '101', 102, '2016-09-01'),
	(1573, '101', 91, '2016-10-01'),
	(1574, '101', 92, '2016-11-01'),
	(1575, '101', 112, '2016-12-01'),
	(1576, '101', 114, '2017-01-01'),
	(1577, '101', 99, '2017-02-01'),
	(1578, '101', 101, '2017-03-01'),
	(1579, '101', 88, '2017-04-01'),
	(1580, '101', 92, '2017-05-01'),
	(1581, '101', 102, '2017-06-01'),
	(1582, '101', 112, '2017-07-01'),
	(1583, '101', 108, '2017-08-01'),
	(1584, '101', 98, '2017-09-01'),
	(1585, '101', 93, '2017-10-01'),
	(1586, '101', 97, '2017-11-01'),
	(1587, '101', 114, '2017-12-01'),
	(1588, '101', 129, '2018-01-01'),
	(1589, '101', 72, '1985-01-01'),
	(1590, '101', 70, '1985-02-01'),
	(1591, '101', 62, '1985-03-01'),
	(1592, '101', 57, '1985-04-01'),
	(1593, '101', 55, '1985-05-01'),
	(1594, '101', 58, '1985-06-01'),
	(1595, '101', 62, '1985-07-01'),
	(1596, '101', 63, '1985-08-01'),
	(1597, '101', 60, '1985-09-01'),
	(1598, '101', 56, '1985-10-01'),
	(1599, '101', 58, '1985-11-01'),
	(1600, '101', 68, '1985-12-01'),
	(1601, '101', 73, '1986-01-01'),
	(1602, '101', 67, '1986-02-01'),
	(1603, '101', 62, '1986-03-01'),
	(1604, '101', 57, '1986-04-01'),
	(1605, '101', 55, '1986-05-01'),
	(1606, '101', 59, '1986-06-01'),
	(1607, '101', 65, '1986-07-01'),
	(1608, '101', 64, '1986-08-01'),
	(1609, '101', 61, '1986-09-01'),
	(1610, '101', 57, '1986-10-01'),
	(1611, '101', 59, '1986-11-01'),
	(1612, '101', 68, '1986-12-01'),
	(1613, '101', 73, '1987-01-01'),
	(1614, '101', 70, '1987-02-01'),
	(1615, '101', 65, '1987-03-01'),
	(1616, '101', 60, '1987-04-01'),
	(1617, '101', 58, '1987-05-01'),
	(1618, '101', 63, '1987-06-01'),
	(1619, '101', 68, '1987-07-01'),
	(1620, '101', 70, '1987-08-01'),
	(1621, '101', 64, '1987-09-01'),
	(1622, '101', 60, '1987-10-01'),
	(1623, '101', 62, '1987-11-01'),
	(1624, '101', 70, '1987-12-01'),
	(1625, '101', 79, '1988-01-01'),
	(1626, '101', 76, '1988-02-01'),
	(1627, '101', 70, '1988-03-01'),
	(1628, '101', 63, '1988-04-01'),
	(1629, '101', 61, '1988-05-01'),
	(1630, '101', 67, '1988-06-01'),
	(1631, '101', 72, '1988-07-01'),
	(1632, '101', 75, '1988-08-01'),
	(1633, '101', 67, '1988-09-01'),
	(1634, '101', 63, '1988-10-01'),
	(1635, '101', 65, '1988-11-01'),
	(1636, '101', 73, '1988-12-01'),
	(1637, '101', 77, '1989-01-01'),
	(1638, '101', 76, '1989-02-01'),
	(1639, '101', 73, '1989-03-01'),
	(1640, '101', 65, '1989-04-01'),
	(1641, '101', 63, '1989-05-01'),
	(1642, '101', 68, '1989-06-01'),
	(1643, '101', 74, '1989-07-01'),
	(1644, '101', 75, '1989-08-01'),
	(1645, '101', 69, '1989-09-01'),
	(1646, '101', 65, '1989-10-01'),
	(1647, '101', 69, '1989-11-01'),
	(1648, '101', 84, '1989-12-01'),
	(1649, '101', 84, '1990-01-01'),
	(1650, '101', 77, '1990-02-01'),
	(1651, '101', 73, '1990-03-01'),
	(1652, '101', 67, '1990-04-01'),
	(1653, '101', 65, '1990-05-01'),
	(1654, '101', 71, '1990-06-01'),
	(1655, '101', 76, '1990-07-01'),
	(1656, '101', 77, '1990-08-01'),
	(1657, '101', 73, '1990-09-01'),
	(1658, '101', 67, '1990-10-01'),
	(1659, '101', 68, '1990-11-01'),
	(1660, '101', 77, '1990-12-01'),
	(1661, '101', 86, '1991-01-01'),
	(1662, '101', 77, '1991-02-01'),
	(1663, '101', 73, '1991-03-01'),
	(1664, '101', 67, '1991-04-01'),
	(1665, '101', 68, '1991-05-01'),
	(1666, '101', 74, '1991-06-01'),
	(1667, '101', 80, '1991-07-01'),
	(1668, '101', 79, '1991-08-01'),
	(1669, '101', 73, '1991-09-01'),
	(1670, '101', 68, '1991-10-01'),
	(1671, '101', 72, '1991-11-01'),
	(1672, '101', 79, '1991-12-01'),
	(1673, '101', 85, '1992-01-01'),
	(1674, '101', 80, '1992-02-01'),
	(1675, '101', 74, '1992-03-01'),
	(1676, '101', 69, '1992-04-01'),
	(1677, '101', 67, '1992-05-01'),
	(1678, '101', 71, '1992-06-01'),
	(1679, '101', 77, '1992-07-01'),
	(1680, '101', 76, '1992-08-01'),
	(1681, '101', 72, '1992-09-01'),
	(1682, '101', 69, '1992-10-01'),
	(1683, '101', 73, '1992-11-01'),
	(1684, '101', 84, '1992-12-01'),
	(1685, '101', 87, '1993-01-01'),
	(1686, '101', 84, '1993-02-01'),
	(1687, '101', 79, '1993-03-01'),
	(1688, '101', 71, '1993-04-01'),
	(1689, '101', 67, '1993-05-01'),
	(1690, '101', 74, '1993-06-01'),
	(1691, '101', 82, '1993-07-01'),
	(1692, '101', 82, '1993-08-01'),
	(1693, '101', 74, '1993-09-01'),
	(1694, '101', 69, '1993-10-01'),
	(1695, '101', 74, '1993-11-01'),
	(1696, '101', 84, '1993-12-01'),
	(1697, '101', 94, '1994-01-01'),
	(1698, '101', 87, '1994-02-01'),
	(1699, '101', 79, '1994-03-01'),
	(1700, '101', 70, '1994-04-01'),
	(1701, '101', 69, '1994-05-01'),
	(1702, '101', 77, '1994-06-01'),
	(1703, '101', 83, '1994-07-01'),
	(1704, '101', 81, '1994-08-01'),
	(1705, '101', 75, '1994-09-01'),
	(1706, '101', 71, '1994-10-01'),
	(1707, '101', 75, '1994-11-01'),
	(1708, '101', 84, '1994-12-01'),
	(1709, '101', 92, '1995-01-01'),
	(1710, '101', 87, '1995-02-01'),
	(1711, '101', 81, '1995-03-01'),
	(1712, '101', 73, '1995-04-01'),
	(1713, '101', 73, '1995-05-01'),
	(1714, '101', 78, '1995-06-01'),
	(1715, '101', 85, '1995-07-01'),
	(1716, '101', 89, '1995-08-01'),
	(1717, '101', 78, '1995-09-01'),
	(1718, '101', 73, '1995-10-01'),
	(1719, '101', 79, '1995-11-01'),
	(1720, '101', 90, '1995-12-01'),
	(1721, '101', 98, '1996-01-01'),
	(1722, '101', 92, '1996-02-01'),
	(1723, '101', 86, '1996-03-01'),
	(1724, '101', 77, '1996-04-01'),
	(1725, '101', 76, '1996-05-01'),
	(1726, '101', 81, '1996-06-01'),
	(1727, '101', 85, '1996-07-01'),
	(1728, '101', 86, '1996-08-01'),
	(1729, '101', 79, '1996-09-01'),
	(1730, '101', 74, '1996-10-01'),
	(1731, '101', 81, '1996-11-01'),
	(1732, '101', 90, '1996-12-01'),
	(1733, '101', 98, '1997-01-01'),
	(1734, '101', 89, '1997-02-01'),
	(1735, '101', 83, '1997-03-01'),
	(1736, '101', 76, '1997-04-01'),
	(1737, '101', 73, '1997-05-01'),
	(1738, '101', 79, '1997-06-01'),
	(1739, '101', 88, '1997-07-01'),
	(1740, '101', 87, '1997-08-01'),
	(1741, '101', 81, '1997-09-01'),
	(1742, '101', 77, '1997-10-01'),
	(1743, '101', 82, '1997-11-01'),
	(1744, '101', 92, '1997-12-01'),
	(1745, '101', 94, '1998-01-01'),
	(1746, '101', 87, '1998-02-01'),
	(1747, '101', 86, '1998-03-01'),
	(1748, '101', 76, '1998-04-01'),
	(1749, '101', 78, '1998-05-01'),
	(1750, '101', 86, '1998-06-01'),
	(1751, '101', 93, '1998-07-01'),
	(1752, '101', 93, '1998-08-01'),
	(1753, '101', 87, '1998-09-01'),
	(1754, '101', 80, '1998-10-01'),
	(1755, '101', 81, '1998-11-01'),
	(1756, '101', 91, '1998-12-01'),
	(1757, '101', 102, '1999-01-01'),
	(1758, '101', 91, '1999-02-01'),
	(1759, '101', 90, '1999-03-01'),
	(1760, '101', 80, '1999-04-01'),
	(1761, '101', 79, '1999-05-01'),
	(1762, '101', 87, '1999-06-01'),
	(1763, '101', 97, '1999-07-01'),
	(1764, '101', 96, '1999-08-01'),
	(1765, '101', 87, '1999-09-01'),
	(1766, '101', 80, '1999-10-01'),
	(1767, '101', 82, '1999-11-01'),
	(1768, '101', 94, '1999-12-01'),
	(1769, '101', 102, '2000-01-01'),
	(1770, '101', 94, '2000-02-01'),
	(1771, '101', 88, '2000-03-01'),
	(1772, '101', 81, '2000-04-01'),
	(1773, '101', 84, '2000-05-01'),
	(1774, '101', 91, '2000-06-01'),
	(1775, '101', 95, '2000-07-01'),
	(1776, '101', 99, '2000-08-01'),
	(1777, '101', 90, '2000-09-01'),
	(1778, '101', 83, '2000-10-01'),
	(1779, '101', 88, '2000-11-01'),
	(1780, '101', 102, '2000-12-01'),
	(1781, '101', 109, '2001-01-01'),
	(1782, '101', 97, '2001-02-01'),
	(1783, '101', 92, '2001-03-01'),
	(1784, '101', 82, '2001-04-01'),
	(1785, '101', 82, '2001-05-01'),
	(1786, '101', 90, '2001-06-01'),
	(1787, '101', 96, '2001-07-01'),
	(1788, '101', 99, '2001-08-01'),
	(1789, '101', 88, '2001-09-01'),
	(1790, '101', 82, '2001-10-01'),
	(1791, '101', 82, '2001-11-01'),
	(1792, '101', 93, '2001-12-01'),
	(1793, '101', 102, '2002-01-01'),
	(1794, '101', 95, '2002-02-01'),
	(1795, '101', 93, '2002-03-01'),
	(1796, '101', 85, '2002-04-01'),
	(1797, '101', 85, '2002-05-01'),
	(1798, '101', 93, '2002-06-01'),
	(1799, '101', 102, '2002-07-01'),
	(1800, '101', 101, '2002-08-01'),
	(1801, '101', 93, '2002-09-01'),
	(1802, '101', 86, '2002-10-01'),
	(1803, '101', 88, '2002-11-01'),
	(1804, '101', 100, '2002-12-01'),
	(1805, '101', 110, '2003-01-01'),
	(1806, '101', 103, '2003-02-01'),
	(1807, '101', 94, '2003-03-01'),
	(1808, '101', 85, '2003-04-01'),
	(1809, '101', 85, '2003-05-01'),
	(1810, '101', 91, '2003-06-01'),
	(1811, '101', 102, '2003-07-01'),
	(1812, '101', 104, '2003-08-01'),
	(1813, '101', 92, '2003-09-01'),
	(1814, '101', 86, '2003-10-01'),
	(1815, '101', 88, '2003-11-01'),
	(1816, '101', 103, '2003-12-01'),
	(1817, '101', 113, '2004-01-01'),
	(1818, '101', 106, '2004-02-01'),
	(1819, '101', 95, '2004-03-01'),
	(1820, '101', 86, '2004-04-01'),
	(1821, '101', 89, '2004-05-01'),
	(1822, '101', 95, '2004-06-01'),
	(1823, '101', 101, '2004-07-01'),
	(1824, '101', 100, '2004-08-01'),
	(1825, '101', 94, '2004-09-01'),
	(1826, '101', 87, '2004-10-01'),
	(1827, '101', 89, '2004-11-01'),
	(1828, '101', 105, '2004-12-01'),
	(1829, '101', 111, '2005-01-01'),
	(1830, '101', 101, '2005-02-01'),
	(1831, '101', 98, '2005-03-01'),
	(1832, '101', 86, '2005-04-01'),
	(1833, '101', 87, '2005-05-01'),
	(1834, '101', 99, '2005-06-01'),
	(1835, '101', 108, '2005-07-01'),
	(1836, '101', 109, '2005-08-01'),
	(1837, '101', 99, '2005-09-01'),
	(1838, '101', 89, '2005-10-01'),
	(1839, '101', 90, '2005-11-01'),
	(1840, '101', 108, '2005-12-01'),
	(1841, '101', 104, '2006-01-01'),
	(1842, '101', 101, '2006-02-01'),
	(1843, '101', 98, '2006-03-01'),
	(1844, '101', 87, '2006-04-01'),
	(1845, '101', 90, '2006-05-01'),
	(1846, '101', 100, '2006-06-01'),
	(1847, '101', 110, '2006-07-01'),
	(1848, '101', 111, '2006-08-01'),
	(1849, '101', 95, '2006-09-01'),
	(1850, '101', 90, '2006-10-01'),
	(1851, '101', 92, '2006-11-01'),
	(1852, '101', 103, '2006-12-01'),
	(1853, '101', 112, '2007-01-01'),
	(1854, '101', 111, '2007-02-01'),
	(1855, '101', 99, '2007-03-01'),
	(1856, '101', 90, '2007-04-01'),
	(1857, '101', 92, '2007-05-01'),
	(1858, '101', 100, '2007-06-01'),
	(1859, '101', 107, '2007-07-01'),
	(1860, '101', 114, '2007-08-01'),
	(1861, '101', 101, '2007-09-01'),
	(1862, '101', 93, '2007-10-01'),
	(1863, '101', 93, '2007-11-01'),
	(1864, '101', 106, '2007-12-01'),
	(1865, '101', 114, '2008-01-01'),
	(1866, '101', 108, '2008-02-01'),
	(1867, '101', 100, '2008-03-01'),
	(1868, '101', 90, '2008-04-01'),
	(1869, '101', 91, '2008-05-01'),
	(1870, '101', 103, '2008-06-01'),
	(1871, '101', 110, '2008-07-01'),
	(1872, '101', 107, '2008-08-01'),
	(1873, '101', 97, '2008-09-01'),
	(1874, '101', 90, '2008-10-01'),
	(1875, '101', 93, '2008-11-01'),
	(1876, '101', 109, '2008-12-01'),
	(1877, '101', 116, '2009-01-01'),
	(1878, '101', 104, '2009-02-01'),
	(1879, '101', 97, '2009-03-01'),
	(1880, '101', 88, '2009-04-01'),
	(1881, '101', 87, '2009-05-01'),
	(1882, '101', 97, '2009-06-01'),
	(1883, '101', 103, '2009-07-01'),
	(1884, '101', 105, '2009-08-01'),
	(1885, '101', 94, '2009-09-01'),
	(1886, '101', 89, '2009-10-01'),
	(1887, '101', 89, '2009-11-01'),
	(1888, '101', 110, '2009-12-01'),
	(1889, '101', 119, '2010-01-01'),
	(1890, '101', 110, '2010-02-01'),
	(1891, '101', 98, '2010-03-01'),
	(1892, '101', 86, '2010-04-01'),
	(1893, '101', 90, '2010-05-01'),
	(1894, '101', 104, '2010-06-01'),
	(1895, '101', 112, '2010-07-01'),
	(1896, '101', 112, '2010-08-01'),
	(1897, '101', 100, '2010-09-01'),
	(1898, '101', 88, '2010-10-01'),
	(1899, '101', 92, '2010-11-01'),
	(1900, '101', 114, '2010-12-01'),
	(1901, '101', 119, '2011-01-01'),
	(1902, '101', 107, '2011-02-01'),
	(1903, '101', 99, '2011-03-01'),
	(1904, '101', 89, '2011-04-01'),
	(1905, '101', 90, '2011-05-01'),
	(1906, '101', 102, '2011-06-01'),
	(1907, '101', 114, '2011-07-01'),
	(1908, '101', 113, '2011-08-01'),
	(1909, '101', 99, '2011-09-01'),
	(1910, '101', 90, '2011-10-01'),
	(1911, '101', 93, '2011-11-01'),
	(1912, '101', 107, '2011-12-01'),
	(1913, '101', 111, '2012-01-01'),
	(1914, '101', 103, '2012-02-01'),
	(1915, '101', 93, '2012-03-01'),
	(1916, '101', 87, '2012-04-01'),
	(1917, '101', 92, '2012-05-01'),
	(1918, '101', 101, '2012-06-01'),
	(1919, '101', 113, '2012-07-01'),
	(1920, '101', 109, '2012-08-01'),
	(1921, '101', 96, '2012-09-01'),
	(1922, '101', 90, '2012-10-01'),
	(1923, '101', 94, '2012-11-01'),
	(1924, '101', 105, '2012-12-01'),
	(1925, '101', 115, '2013-01-01'),
	(1926, '101', 106, '2013-02-01'),
	(1927, '101', 102, '2013-03-01'),
	(1928, '101', 91, '2013-04-01'),
	(1929, '101', 90, '2013-05-01'),
	(1930, '101', 100, '2013-06-01'),
	(1931, '101', 110, '2013-07-01'),
	(1932, '101', 108, '2013-08-01'),
	(1933, '101', 99, '2013-09-01'),
	(1934, '101', 91, '2013-10-01'),
	(1935, '101', 97, '2013-11-01'),
	(1936, '101', 113, '2013-12-01'),
	(1937, '101', 124, '2014-01-01'),
	(1938, '101', 112, '2014-02-01'),
	(1939, '101', 104, '2014-03-01'),
	(1940, '101', 90, '2014-04-01'),
	(1941, '101', 92, '2014-05-01'),
	(1942, '101', 101, '2014-06-01'),
	(1943, '101', 108, '2014-07-01'),
	(1944, '101', 108, '2014-08-01'),
	(1945, '101', 100, '2014-09-01'),
	(1946, '101', 92, '2014-10-01'),
	(1947, '101', 99, '2014-11-01'),
	(1948, '101', 109, '2014-12-01'),
	(1949, '101', 120, '2015-01-01'),
	(1950, '101', 116, '2015-02-01'),
	(1951, '101', 104, '2015-03-01'),
	(1952, '101', 89, '2015-04-01'),
	(1953, '101', 91, '2015-05-01'),
	(1954, '101', 102, '2015-06-01'),
	(1955, '101', 111, '2015-07-01'),
	(1956, '101', 110, '2015-08-01'),
	(1957, '101', 101, '2015-09-01'),
	(1958, '101', 91, '2015-10-01'),
	(1959, '101', 93, '2015-11-01'),
	(1960, '101', 103, '2015-12-01'),
	(1961, '101', 117, '2016-01-01'),
	(1962, '101', 106, '2016-02-01'),
	(1963, '101', 95, '2016-03-01'),
	(1964, '101', 89, '2016-04-01'),
	(1965, '101', 90, '2016-05-01'),
	(1966, '101', 104, '2016-06-01'),
	(1967, '101', 114, '2016-07-01'),
	(1968, '101', 115, '2016-08-01'),
	(1969, '101', 102, '2016-09-01'),
	(1970, '101', 91, '2016-10-01'),
	(1971, '101', 92, '2016-11-01'),
	(1972, '101', 112, '2016-12-01'),
	(1973, '101', 114, '2017-01-01'),
	(1974, '101', 99, '2017-02-01'),
	(1975, '101', 101, '2017-03-01'),
	(1976, '101', 88, '2017-04-01'),
	(1977, '101', 92, '2017-05-01'),
	(1978, '101', 102, '2017-06-01'),
	(1979, '101', 112, '2017-07-01'),
	(1980, '101', 108, '2017-08-01'),
	(1981, '101', 98, '2017-09-01'),
	(1982, '101', 93, '2017-10-01'),
	(1983, '101', 97, '2017-11-01'),
	(1984, '101', 114, '2017-12-01'),
	(1985, '101', 129, '2018-01-01');

-- Dumping structure for table ofs.app_ofs_inventorydetails
CREATE TABLE IF NOT EXISTS `app_ofs_inventorydetails` (
  `inventory_id` bigint(20) NOT NULL,
  `quantity` varchar(50) DEFAULT NULL,
  `price` varchar(50) DEFAULT NULL,
  PRIMARY KEY (`inventory_id`)
) ENGINE=InnoDB DEFAULT CHARSET=utf8mb4 COLLATE=utf8mb4_general_ci;

-- Dumping data for table ofs.app_ofs_inventorydetails: ~0 rows (approximately)

-- Dumping structure for table ofs.app_ofs_inventorydetailsdate
CREATE TABLE IF NOT EXISTS `app_ofs_inventorydetailsdate` (
  `id` bigint(20) NOT NULL AUTO_INCREMENT,
  `date` date DEFAULT NULL,
  `quantity` varchar(100) DEFAULT NULL,
  `price` varchar(50) DEFAULT NULL,
  PRIMARY KEY (`id`)
) ENGINE=InnoDB DEFAULT CHARSET=utf8mb4 COLLATE=utf8mb4_general_ci;

-- Dumping data for table ofs.app_ofs_inventorydetailsdate: ~0 rows (approximately)

-- Dumping structure for table ofs.app_ofs_logs
CREATE TABLE IF NOT EXISTS `app_ofs_logs` (
  `id` bigint(20) NOT NULL AUTO_INCREMENT,
  `username` varchar(50) DEFAULT NULL,
  `ip` varchar(50) DEFAULT NULL,
  `description` varchar(50) DEFAULT NULL,
  `logged_on` datetime(6) NOT NULL,
  PRIMARY KEY (`id`)
) ENGINE=InnoDB DEFAULT CHARSET=utf8mb4 COLLATE=utf8mb4_general_ci;

-- Dumping data for table ofs.app_ofs_logs: ~0 rows (approximately)

-- Dumping structure for table ofs.app_ofs_orderinfo
CREATE TABLE IF NOT EXISTS `app_ofs_orderinfo` (
  `id` bigint(20) NOT NULL AUTO_INCREMENT,
  `order_id` varchar(50) DEFAULT NULL,
  `quantity` varchar(50) DEFAULT NULL,
  `ordered_date` date DEFAULT NULL,
  `delivery_date` date DEFAULT NULL,
  `price` varchar(50) DEFAULT NULL,
  `status` varchar(50) DEFAULT NULL,
  `total_price` varchar(50) DEFAULT NULL,
  `date` datetime(6) NOT NULL,
  PRIMARY KEY (`id`),
  UNIQUE KEY `order_id` (`order_id`)
) ENGINE=InnoDB DEFAULT CHARSET=utf8mb4 COLLATE=utf8mb4_general_ci;

-- Dumping data for table ofs.app_ofs_orderinfo: ~0 rows (approximately)

-- Dumping structure for table ofs.app_ofs_product
CREATE TABLE IF NOT EXISTS `app_ofs_product` (
  `id` bigint(20) NOT NULL AUTO_INCREMENT,
  `product_id` varchar(50) NOT NULL,
  `product_name` varchar(50) NOT NULL,
  `product_description` varchar(200) NOT NULL,
  PRIMARY KEY (`id`)
) ENGINE=InnoDB DEFAULT CHARSET=utf8mb4 COLLATE=utf8mb4_general_ci;

-- Dumping data for table ofs.app_ofs_product: ~0 rows (approximately)

-- Dumping structure for table ofs.app_ofs_productinfo
CREATE TABLE IF NOT EXISTS `app_ofs_productinfo` (
  `id` bigint(20) NOT NULL AUTO_INCREMENT,
  `product_id` varchar(50) DEFAULT NULL,
  `product_name` varchar(50) DEFAULT NULL,
  `product_description` varchar(200) DEFAULT NULL,
  `category_id` bigint(20) DEFAULT NULL,
  PRIMARY KEY (`id`),
  UNIQUE KEY `product_id` (`product_id`)
) ENGINE=InnoDB DEFAULT CHARSET=utf8mb4 COLLATE=utf8mb4_general_ci;

-- Dumping data for table ofs.app_ofs_productinfo: ~0 rows (approximately)

-- Dumping structure for table ofs.app_ofs_products
CREATE TABLE IF NOT EXISTS `app_ofs_products` (
  `id` bigint(20) NOT NULL AUTO_INCREMENT,
  `product_id` varchar(50) NOT NULL,
  `product_name` varchar(50) NOT NULL,
  `product_description` varchar(200) NOT NULL,
  PRIMARY KEY (`id`)
) ENGINE=InnoDB DEFAULT CHARSET=utf8mb4 COLLATE=utf8mb4_general_ci;

-- Dumping data for table ofs.app_ofs_products: ~0 rows (approximately)

-- Dumping structure for table ofs.app_ofs_salesdata
CREATE TABLE IF NOT EXISTS `app_ofs_salesdata` (
  `id` bigint(20) NOT NULL AUTO_INCREMENT,
  `month` datetime(6) NOT NULL,
  `sales` double NOT NULL,
  PRIMARY KEY (`id`)
) ENGINE=InnoDB DEFAULT CHARSET=utf8mb4 COLLATE=utf8mb4_general_ci;

-- Dumping data for table ofs.app_ofs_salesdata: ~0 rows (approximately)

-- Dumping structure for table ofs.auth_group
CREATE TABLE IF NOT EXISTS `auth_group` (
  `id` int(11) NOT NULL AUTO_INCREMENT,
  `name` varchar(150) NOT NULL,
  PRIMARY KEY (`id`),
  UNIQUE KEY `name` (`name`)
) ENGINE=InnoDB DEFAULT CHARSET=utf8mb4 COLLATE=utf8mb4_general_ci;

-- Dumping data for table ofs.auth_group: ~0 rows (approximately)

-- Dumping structure for table ofs.auth_group_permissions
CREATE TABLE IF NOT EXISTS `auth_group_permissions` (
  `id` bigint(20) NOT NULL AUTO_INCREMENT,
  `group_id` int(11) NOT NULL,
  `permission_id` int(11) NOT NULL,
  PRIMARY KEY (`id`),
  UNIQUE KEY `auth_group_permissions_group_id_permission_id_0cd325b0_uniq` (`group_id`,`permission_id`),
  KEY `auth_group_permissio_permission_id_84c5c92e_fk_auth_perm` (`permission_id`),
  CONSTRAINT `auth_group_permissio_permission_id_84c5c92e_fk_auth_perm` FOREIGN KEY (`permission_id`) REFERENCES `auth_permission` (`id`),
  CONSTRAINT `auth_group_permissions_group_id_b120cbf9_fk_auth_group_id` FOREIGN KEY (`group_id`) REFERENCES `auth_group` (`id`)
) ENGINE=InnoDB DEFAULT CHARSET=utf8mb4 COLLATE=utf8mb4_general_ci;

-- Dumping data for table ofs.auth_group_permissions: ~0 rows (approximately)

-- Dumping structure for table ofs.auth_permission
CREATE TABLE IF NOT EXISTS `auth_permission` (
  `id` int(11) NOT NULL AUTO_INCREMENT,
  `name` varchar(255) NOT NULL,
  `content_type_id` int(11) NOT NULL,
  `codename` varchar(100) NOT NULL,
  PRIMARY KEY (`id`),
  UNIQUE KEY `auth_permission_content_type_id_codename_01ab375a_uniq` (`content_type_id`,`codename`),
  CONSTRAINT `auth_permission_content_type_id_2f476e4b_fk_django_co` FOREIGN KEY (`content_type_id`) REFERENCES `django_content_type` (`id`)
) ENGINE=InnoDB AUTO_INCREMENT=53 DEFAULT CHARSET=utf8mb4 COLLATE=utf8mb4_general_ci;

-- Dumping data for table ofs.auth_permission: ~52 rows (approximately)
INSERT INTO `auth_permission` (`id`, `name`, `content_type_id`, `codename`) VALUES
	(1, 'Can add log entry', 1, 'add_logentry'),
	(2, 'Can change log entry', 1, 'change_logentry'),
	(3, 'Can delete log entry', 1, 'delete_logentry'),
	(4, 'Can view log entry', 1, 'view_logentry'),
	(5, 'Can add permission', 2, 'add_permission'),
	(6, 'Can change permission', 2, 'change_permission'),
	(7, 'Can delete permission', 2, 'delete_permission'),
	(8, 'Can view permission', 2, 'view_permission'),
	(9, 'Can add group', 3, 'add_group'),
	(10, 'Can change group', 3, 'change_group'),
	(11, 'Can delete group', 3, 'delete_group'),
	(12, 'Can view group', 3, 'view_group'),
	(13, 'Can add content type', 4, 'add_contenttype'),
	(14, 'Can change content type', 4, 'change_contenttype'),
	(15, 'Can delete content type', 4, 'delete_contenttype'),
	(16, 'Can view content type', 4, 'view_contenttype'),
	(17, 'Can add session', 5, 'add_session'),
	(18, 'Can change session', 5, 'change_session'),
	(19, 'Can delete session', 5, 'delete_session'),
	(20, 'Can view session', 5, 'view_session'),
	(21, 'Can add user', 6, 'add_customuser'),
	(22, 'Can change user', 6, 'change_customuser'),
	(23, 'Can delete user', 6, 'delete_customuser'),
	(24, 'Can view user', 6, 'view_customuser'),
	(25, 'Can add category', 7, 'add_category'),
	(26, 'Can change category', 7, 'change_category'),
	(27, 'Can delete category', 7, 'delete_category'),
	(28, 'Can view category', 7, 'view_category'),
	(29, 'Can add products', 8, 'add_products'),
	(30, 'Can change products', 8, 'change_products'),
	(31, 'Can delete products', 8, 'delete_products'),
	(32, 'Can view products', 8, 'view_products'),
	(33, 'Can add sales data', 9, 'add_salesdata'),
	(34, 'Can change sales data', 9, 'change_salesdata'),
	(35, 'Can delete sales data', 9, 'delete_salesdata'),
	(36, 'Can view sales data', 9, 'view_salesdata'),
	(37, 'Can add product', 10, 'add_product'),
	(38, 'Can change product', 10, 'change_product'),
	(39, 'Can delete product', 10, 'delete_product'),
	(40, 'Can view product', 10, 'view_product'),
	(41, 'Can add order', 11, 'add_order'),
	(42, 'Can change order', 11, 'change_order'),
	(43, 'Can delete order', 11, 'delete_order'),
	(44, 'Can view order', 11, 'view_order'),
	(45, 'Can add inventory details date', 12, 'add_inventorydetailsdate'),
	(46, 'Can change inventory details date', 12, 'change_inventorydetailsdate'),
	(47, 'Can delete inventory details date', 12, 'delete_inventorydetailsdate'),
	(48, 'Can view inventory details date', 12, 'view_inventorydetailsdate'),
	(49, 'Can add inventory details', 13, 'add_inventorydetails'),
	(50, 'Can change inventory details', 13, 'change_inventorydetails'),
	(51, 'Can delete inventory details', 13, 'delete_inventorydetails'),
	(52, 'Can view inventory details', 13, 'view_inventorydetails');

-- Dumping structure for table ofs.category_info
CREATE TABLE IF NOT EXISTS `category_info` (
  `id` bigint(20) NOT NULL AUTO_INCREMENT,
  `category_id` varchar(50) DEFAULT NULL,
  `category` varchar(50) DEFAULT NULL,
  `updated_on` datetime DEFAULT current_timestamp(),
  `userid_id` bigint(20) DEFAULT NULL,
  PRIMARY KEY (`id`) USING BTREE,
  UNIQUE KEY `category_id` (`category_id`),
  KEY `fk_userid` (`userid_id`) USING BTREE,
  CONSTRAINT `FK_category_info_app_ofs_customuser` FOREIGN KEY (`userid_id`) REFERENCES `app_ofs_customuser` (`id`) ON DELETE NO ACTION ON UPDATE NO ACTION
) ENGINE=InnoDB AUTO_INCREMENT=82 DEFAULT CHARSET=utf8mb4 COLLATE=utf8mb4_general_ci;

-- Dumping data for table ofs.category_info: ~28 rows (approximately)
INSERT INTO `category_info` (`id`, `category_id`, `category`, `updated_on`, `userid_id`) VALUES
	(53, NULL, 'Book', '2024-02-03 14:37:30', 39),
	(54, NULL, 'Scale', '2024-02-03 14:37:51', 39),
	(55, NULL, 'Box', '2024-02-03 14:55:28', 39),
	(56, NULL, 'Rubber', '2024-02-03 14:59:11', 39),
	(57, NULL, 'Sharper', '2024-02-03 14:59:16', 39),
	(58, NULL, 'Hard paper', '2024-02-03 14:59:23', 39),
	(59, NULL, 'Banner paper', '2024-02-03 14:59:31', 39),
	(60, NULL, 'Card', '2024-02-03 14:59:58', 39),
	(61, NULL, 'Stamp', '2024-02-03 15:00:25', 39),
	(62, NULL, 'Ink', '2024-02-03 15:00:29', 39),
	(63, NULL, 'Pen', '2024-02-03 15:16:30', 39),
	(64, NULL, 'Pencil', '2024-02-03 15:16:37', 39),
	(65, NULL, 'A', '2024-02-03 15:17:45', 39),
	(66, NULL, 'B', '2024-02-03 15:17:56', 39),
	(67, NULL, 'C', '2024-02-03 15:17:59', 39),
	(68, NULL, 'D', '2024-02-03 15:18:02', 39),
	(69, NULL, 'E', '2024-02-03 15:18:06', 39),
	(70, NULL, 'F', '2024-02-03 15:18:08', 39),
	(71, NULL, 'G', '2024-02-03 15:18:11', 39),
	(72, NULL, 'H', '2024-02-03 15:18:17', 39),
	(73, NULL, 'I', '2024-02-03 15:18:21', 39),
	(74, NULL, 'J', '2024-02-03 15:18:24', 39),
	(75, NULL, 'K', '2024-02-03 15:38:46', 39),
	(76, NULL, 'L', '2024-02-03 15:38:51', 39),
	(77, NULL, 'M', '2024-02-03 15:38:54', 39),
	(78, NULL, 'N', '2024-02-03 15:38:58', 39),
	(79, NULL, 'O', '2024-02-03 15:39:04', 39),
	(80, NULL, 'P', '2024-02-03 15:39:07', 39),
	(81, NULL, 'Q', '2024-02-03 15:39:09', 39);

-- Dumping structure for table ofs.django_admin_log
CREATE TABLE IF NOT EXISTS `django_admin_log` (
  `id` int(11) NOT NULL AUTO_INCREMENT,
  `action_time` datetime(6) NOT NULL,
  `object_id` longtext DEFAULT NULL,
  `object_repr` varchar(200) NOT NULL,
  `action_flag` smallint(5) unsigned NOT NULL CHECK (`action_flag` >= 0),
  `change_message` longtext NOT NULL,
  `content_type_id` int(11) DEFAULT NULL,
  `user_id` bigint(20) NOT NULL,
  PRIMARY KEY (`id`),
  KEY `django_admin_log_content_type_id_c4bce8eb_fk_django_co` (`content_type_id`),
  KEY `django_admin_log_user_id_c564eba6_fk_app_ofs_customuser_id` (`user_id`),
  CONSTRAINT `django_admin_log_content_type_id_c4bce8eb_fk_django_co` FOREIGN KEY (`content_type_id`) REFERENCES `django_content_type` (`id`),
  CONSTRAINT `django_admin_log_user_id_c564eba6_fk_app_ofs_customuser_id` FOREIGN KEY (`user_id`) REFERENCES `app_ofs_customuser` (`id`)
) ENGINE=InnoDB DEFAULT CHARSET=utf8mb4 COLLATE=utf8mb4_general_ci;

-- Dumping data for table ofs.django_admin_log: ~0 rows (approximately)

-- Dumping structure for table ofs.django_content_type
CREATE TABLE IF NOT EXISTS `django_content_type` (
  `id` int(11) NOT NULL AUTO_INCREMENT,
  `app_label` varchar(100) NOT NULL,
  `model` varchar(100) NOT NULL,
  PRIMARY KEY (`id`),
  UNIQUE KEY `django_content_type_app_label_model_76bd3d3b_uniq` (`app_label`,`model`)
) ENGINE=InnoDB AUTO_INCREMENT=14 DEFAULT CHARSET=utf8mb4 COLLATE=utf8mb4_general_ci;

-- Dumping data for table ofs.django_content_type: ~13 rows (approximately)
INSERT INTO `django_content_type` (`id`, `app_label`, `model`) VALUES
	(1, 'admin', 'logentry'),
	(7, 'app_ofs', 'category'),
	(6, 'app_ofs', 'customuser'),
	(13, 'app_ofs', 'inventorydetails'),
	(12, 'app_ofs', 'inventorydetailsdate'),
	(11, 'app_ofs', 'order'),
	(10, 'app_ofs', 'product'),
	(8, 'app_ofs', 'products'),
	(9, 'app_ofs', 'salesdata'),
	(3, 'auth', 'group'),
	(2, 'auth', 'permission'),
	(4, 'contenttypes', 'contenttype'),
	(5, 'sessions', 'session');

-- Dumping structure for table ofs.django_migrations
CREATE TABLE IF NOT EXISTS `django_migrations` (
  `id` bigint(20) NOT NULL AUTO_INCREMENT,
  `app` varchar(255) NOT NULL,
  `name` varchar(255) NOT NULL,
  `applied` datetime(6) NOT NULL,
  PRIMARY KEY (`id`)
) ENGINE=InnoDB AUTO_INCREMENT=28 DEFAULT CHARSET=utf8mb4 COLLATE=utf8mb4_general_ci;

-- Dumping data for table ofs.django_migrations: ~18 rows (approximately)
INSERT INTO `django_migrations` (`id`, `app`, `name`, `applied`) VALUES
	(1, 'contenttypes', '0001_initial', '2023-10-02 05:14:53.371035'),
	(2, 'contenttypes', '0002_remove_content_type_name', '2023-10-02 05:14:53.423686'),
	(3, 'auth', '0001_initial', '2023-10-02 05:14:53.580286'),
	(4, 'auth', '0002_alter_permission_name_max_length', '2023-10-02 05:14:53.614464'),
	(5, 'auth', '0003_alter_user_email_max_length', '2023-10-02 05:14:53.619424'),
	(6, 'auth', '0004_alter_user_username_opts', '2023-10-02 05:14:53.624666'),
	(7, 'auth', '0005_alter_user_last_login_null', '2023-10-02 05:14:53.629667'),
	(8, 'auth', '0006_require_contenttypes_0002', '2023-10-02 05:14:53.632792'),
	(9, 'auth', '0007_alter_validators_add_error_messages', '2023-10-02 05:14:53.639412'),
	(10, 'auth', '0008_alter_user_username_max_length', '2023-10-02 05:14:53.644433'),
	(11, 'auth', '0009_alter_user_last_name_max_length', '2023-10-02 05:14:53.650691'),
	(12, 'auth', '0010_alter_group_name_max_length', '2023-10-02 05:14:53.674384'),
	(13, 'auth', '0011_update_proxy_permissions', '2023-10-02 05:14:53.680363'),
	(14, 'auth', '0012_alter_user_first_name_max_length', '2023-10-02 05:14:53.688318'),
	(15, 'app_ofs', '0001_initial', '2023-10-02 05:14:53.880777'),
	(19, 'sessions', '0001_initial', '2023-10-02 05:14:54.014377'),
	(20, 'app_ofs', '0002_category_products', '2023-10-12 09:57:52.989625'),
	(24, 'admin', '0001_initial', '2024-02-02 19:37:11.957427'),
	(25, 'admin', '0002_logentry_remove_auto_add', '2024-02-02 19:37:11.968048'),
	(26, 'admin', '0003_logentry_add_action_flag_choices', '2024-02-02 19:37:11.978444'),
	(27, 'app_ofs', '0002_alter_inventorydetails_id', '2024-02-02 19:37:11.988158');

-- Dumping structure for table ofs.django_session
CREATE TABLE IF NOT EXISTS `django_session` (
  `session_key` varchar(40) NOT NULL,
  `session_data` longtext NOT NULL,
  `expire_date` datetime(6) NOT NULL,
  PRIMARY KEY (`session_key`),
  KEY `django_session_expire_date_a5c62663` (`expire_date`)
) ENGINE=InnoDB DEFAULT CHARSET=utf8mb4 COLLATE=utf8mb4_general_ci;

-- Dumping data for table ofs.django_session: ~18 rows (approximately)
INSERT INTO `django_session` (`session_key`, `session_data`, `expire_date`) VALUES
	('274fagsplp2fcm62ug92g8kkif8z0h1q', '.eJxVjEEOwiAQRe_C2hA6IDAu3fcMZIBBqoYmpV0Z765NutDtf-_9lwi0rTVsnZcwZXERGsXpd4yUHtx2ku_UbrNMc1uXKcpdkQftcpwzP6-H-3dQqddvPQBnjAkJvcrWgonGko6D0cRACpwrCiMWgrNnLgwGnNeWTUZlmEG8Pw0cOBE:1rUzmo:Cndh9z9uYQ_xWWaLJq95r_Gq_Qy9IqD_Hdki20PNTBo', '2024-02-14 01:53:10.907107'),
	('6zq89pu786kt6d9cohzu9sm9u1hdlalj', '.eJxVjEEOwiAQRe_C2hBAKNSle89ApjODVA0kpV0Z7y5NutDte-__t4iwrTlujZc4k7gI7cXpF06ATy67oQeUe5VYy7rMk9wTedgmb5X4dT3av4MMLfe1t6goUNCoNCM640YL5Iyx4I3zAycYA1pSwOjPXnNKPWbQCjvnQXy-D2U4mw:1rFchq:Go4e07Ey0Teeb2KhtiH2Ipol6WZcBPR_SEbIiRf124o', '2024-01-02 16:12:30.088037'),
	('9b443vdhs9r4ns1ylq44i6c4k6udctkf', '.eJxVjEsOAiEQBe_C2hBspAGX7j3DpKEbGTWQzGdlvLtOMgvdvqp6LzXQutRhnWUaRlZnBUEdfsdE-SFtI3yndus697ZMY9Kbonc662tneV529--g0ly_dTHAOVu0ACaKDwjuFCmZAOjFcTZMUaxEsj6xpVigRHQoR0B0xqJ6fwD-BTeG:1rV2dW:YZz8kJA9iQ3ox6rKNxoUff3lViGgXrc9t-dV3OFlmME', '2024-02-14 04:55:46.106223'),
	('9g4jkhfelfgm9jvcdjsw7vhq5xs9vnyz', '.eJxVjEsOAiEQBe_C2hBspAGX7j3DpKEbGTWQzGdlvLtOMgvdvqp6LzXQutRhnWUaRlZnBUEdfsdE-SFtI3yndus697ZMY9Kbonc662tneV529--g0ly_dTHAOVu0ACaKDwjuFCmZAOjFcTZMUaxEsj6xpVigRHQoR0B0xqJ6fwD-BTeG:1rV2BE:oiq8pHl50TCF3Myh8z3qC_imv47mLbAwqVnrZfLnlA0', '2024-02-14 04:26:32.245237'),
	('bnsq0c36hfvbm9zgv4erftvpbdlmpr2e', '.eJxVjDsOwyAQBe9CHSEWDJiU6X0GxGc3OIlAMnYV5e6xJRdJOzPvvZkP21r81nHxc2ZXBuzyy2JIT6yHyI9Q742nVtdljvxI-Gk7n1rG1-1s_w5K6GVfu5hMlDKRUINzEEgBOp0JQEuhR2VxEBl2bgWRiToQylGCwWSUNmTZ5wvaeTeg:1r4wcO:aFTIxqa686fVkZf3eWSf9vVa4mXSrmdpDoxFkHjCs_c', '2023-12-04 05:14:44.933104'),
	('fcckucwb9fwwzo7m2y4e1yktyslpydgk', '.eJxVjEsOwjAMBe-SNYrquElaluw5Q-TENimgVupnhbg7VOoCtm9m3ssk2taatkXmNLA5G4jm9DtmKg8Zd8J3Gm-TLdO4zkO2u2IPutjrxPK8HO7fQaWlfmtU1CY6JB-csPri2QWJgAgM0GTCSLEvKsigrrTic5tLHxrVDgJ35v0BC5A4YA:1rEViH:CI17TcuWR-myOWbeqRCFKA90BJh4-0g8NAtHRIvSr2c', '2023-12-30 14:32:21.999029'),
	('hiqdm2b95v72msx8gutvbxox4rp0zlg7', '.eJxVjEsOwjAMBe-SNYrquElaluw5Q-TENimgVupnhbg7VOoCtm9m3ssk2taatkXmNLA5G4jm9DtmKg8Zd8J3Gm-TLdO4zkO2u2IPutjrxPK8HO7fQaWlfmtU1CY6JB-csPri2QWJgAgM0GTCSLEvKsigrrTic5tLHxrVDgJ35v0BC5A4YA:1rD4GP:j9N_4O0CUEorBlu4DU4mJChRnm4uG0yE7Py5E9EvfZg', '2023-12-26 15:01:37.652954'),
	('hzlw8ixuj53bci77mq217vaemntc993u', '.eJxVjEEOwiAQRe_C2hA6IDAu3fcMZIBBqoYmpV0Z765NutDtf-_9lwi0rTVsnZcwZXERGsXpd4yUHtx2ku_UbrNMc1uXKcpdkQftcpwzP6-H-3dQqddvPQBnjAkJvcrWgonGko6D0cRACpwrCiMWgrNnLgwGnNeWTUZlmEG8Pw0cOBE:1rUsam:LkZHp5ApKWPi30czXllbIJZYYorT6yXT6183s_g9i2M', '2024-02-13 18:12:16.321391'),
	('keikphgkfgzqrydh0f8ub2603aa8y1zt', 'e30:1rFcWp:-8J28BtYzKmf6nHikkpqhMfbcjK0JtErbgIqZ1KyF1E', '2024-01-02 16:01:07.460288'),
	('le1ce1srbk4ub6gtootfnvz1wygiqcne', '.eJxVjr0OgzAQg98lc5Uc4ecKY_c-A7pcLkBbERTCVPXdCxJDK2_2Z8tv1dOWx35bJfWTV50qW3X5NR3xU-Yj8Q-ah6g5zjlNTh-IPtNV36OX1-1k_wZGWse9HaDCGisGdMgWHSEE4hrBMnFB1lOL4rlqHFmHyNAUQmVbh2DFUTheJQmS0jQP_UKD7JtjzktnTGFRw66iuwKAiclLWo36fAGIgkfF:1rX3os:3d9dcChP4mnV_RIrgOlBd6din7Dv-UmT3TtcJHrpg_A', '2024-02-19 18:35:50.837433'),
	('o6j2mei04pxh8ymi1806o4cgx4pu1bbt', '.eJxVjEsOwjAMBe-SNYrquElaluw5Q-TENimgVupnhbg7VOoCtm9m3ssk2taatkXmNLA5G4jm9DtmKg8Zd8J3Gm-TLdO4zkO2u2IPutjrxPK8HO7fQaWlfmtU1CY6JB-csPri2QWJgAgM0GTCSLEvKsigrrTic5tLHxrVDgJ35v0BC5A4YA:1rCeBa:wRWrX6Gqu3Jw368E9SkCUIyMsrzcsayj3mMs71kKC9M', '2023-12-25 11:10:54.962076'),
	('p5xu0hvekmf2dx2b6bhyxtb7bclksjzh', '.eJxVjEEOwiAQRe_C2hBAKNSle89ApjODVA0kpV0Z7y5NutDte-__t4iwrTlujZc4k7gI7cXpF06ATy67oQeUe5VYy7rMk9wTedgmb5X4dT3av4MMLfe1t6goUNCoNCM640YL5Iyx4I3zAycYA1pSwOjPXnNKPWbQCjvnQXy-D2U4mw:1rFyDn:LdV2AD9DUvg2DhKsoymP06AEYrYO6trpO_LzUy-DGnQ', '2024-01-03 15:10:55.012619'),
	('prdm6zw2t4iwncshx8f7iqhaqcvtf38n', '.eJxVjDsOwjAQBe_iGlng364p6XMGa-21cQA5UpxUiLuTSCmgfTPz3iLQutSw9jyHkcVVXECcfsdI6ZnbTvhB7T7JNLVlHqPcFXnQLoeJ8-t2uH8HlXrdas8KCxhtzdZkx4YMKI3FRI_IrJICZJ0AVXbWAeoYqZB12sO5KO3F5wsIlzfO:1rGRH4:h_ZoDNQD-GQrowT7AIdtG_cSNOjCjMUBCdcl9pHkR7Q', '2024-01-04 22:12:14.495554'),
	('vzn2toyc48n60rpyx89hz1xi3m3u1skf', '.eJxVjMsOwiAQRf-FtSG8GsCle7-BDMyMVA0kpV0Z_12bdKHbe865L5FgW2vaBi1pRnEWRpx-twzlQW0HeId267L0ti5zlrsiDzrktSM9L4f7d1Bh1G8N1jBByVpn0NpbpCkSARsXGLMKwGCRlYreeYPKTFQiGmB02fuCQbw_GVg5Qg:1qpo7Z:6LsgfB9fL3FPCyxFxB31OmERhDfrjcSvpahbw20O6F8', '2023-10-23 11:08:21.389702'),
	('wxdwsnzk3eb8ferm2ys63nu2pmkit1uy', '.eJxVjMsOwiAQRf-FtSG8GsCle7-BDMyMVA0kpV0Z_12bdKHbe865L5FgW2vaBi1pRnEWRpx-twzlQW0HeId267L0ti5zlrsiDzrktSM9L4f7d1Bh1G8N1jBByVpn0NpbpCkSARsXGLMKwGCRlYreeYPKTFQiGmB02fuCQbw_GVg5Qg:1quSTF:onsWLaFr0u0OoXliouFPRmz6xQPLW5bSw_R1jybxXOo', '2023-11-05 07:01:57.910094'),
	('xzb13zmuzmat8ur4vxc50jllw1lq35ia', '.eJxVjMsOwiAQRf-FtSG8GsCle7-BDMyMVA0kpV0Z_12bdKHbe865L5FgW2vaBi1pRnEWRpx-twzlQW0HeId267L0ti5zlrsiDzrktSM9L4f7d1Bh1G8N1jBByVpn0NpbpCkSARsXGLMKwGCRlYreeYPKTFQiGmB02fuCQbw_GVg5Qg:1qpQpx:-R0TkGVjg1nycIvEAVYQK8LS1VF090bTiN3jSaUP-Sk', '2023-10-22 10:16:37.523625'),
	('yxepyc8xwpjtr9y4r2sfxaennq3wbtfs', '.eJxVjMsOwiAQRf-FtSG8GsCle7-BDMyMVA0kpV0Z_12bdKHbe865L5FgW2vaBi1pRnEWRpx-twzlQW0HeId267L0ti5zlrsiDzrktSM9L4f7d1Bh1G8N1jBByVpn0NpbpCkSARsXGLMKwGCRlYreeYPKTFQiGmB02fuCQbw_GVg5Qg:1qrVLj:dhdgS-vg6dEGpcleh7wszChmZ5NuA8CyZdi4bPr4jpU', '2023-10-28 03:29:59.319899'),
	('zjcb5e71xuf7dbiwdh4mp6tp9j0hf0eq', '.eJxVjEEOwiAQRe_C2hBAKNSle89ApjODVA0kpV0Z7y5NutDte-__t4iwrTlujZc4k7gI7cXpF06ATy67oQeUe5VYy7rMk9wTedgmb5X4dT3av4MMLfe1t6goUNCoNCM640YL5Iyx4I3zAycYA1pSwOjPXnNKPWbQCjvnQXy-D2U4mw:1rFGXe:YLdn7gGDIPZZW_wEYvL7vwdvY2tyMMJe1YQBKksWg3M', '2024-01-01 16:32:30.733053');

-- Dumping structure for table ofs.forecast_data
CREATE TABLE IF NOT EXISTS `forecast_data` (
  `id` int(11) NOT NULL AUTO_INCREMENT,
  `product_id` varchar(50) DEFAULT NULL,
  `quantity` bigint(20) NOT NULL DEFAULT 0,
  `ordered_date` date NOT NULL,
  `user_id` bigint(20) DEFAULT NULL,
  PRIMARY KEY (`id`),
  KEY `FK_forecast_data_user` (`user_id`)
) ENGINE=InnoDB AUTO_INCREMENT=911 DEFAULT CHARSET=utf8mb4 COLLATE=utf8mb4_general_ci;

-- Dumping data for table ofs.forecast_data: ~397 rows (approximately)
INSERT INTO `forecast_data` (`id`, `product_id`, `quantity`, `ordered_date`, `user_id`) VALUES
	(514, '101', 72, '1985-01-01', NULL),
	(515, '101', 70, '1985-02-01', NULL),
	(516, '101', 62, '1985-03-01', NULL),
	(517, '101', 57, '1985-04-01', NULL),
	(518, '101', 55, '1985-05-01', NULL),
	(519, '101', 58, '1985-06-01', NULL),
	(520, '101', 62, '1985-07-01', NULL),
	(521, '101', 63, '1985-08-01', NULL),
	(522, '101', 60, '1985-09-01', NULL),
	(523, '101', 56, '1985-10-01', NULL),
	(524, '101', 58, '1985-11-01', NULL),
	(525, '101', 68, '1985-12-01', NULL),
	(526, '101', 73, '1986-01-01', NULL),
	(527, '101', 67, '1986-02-01', NULL),
	(528, '101', 62, '1986-03-01', NULL),
	(529, '101', 57, '1986-04-01', NULL),
	(530, '101', 55, '1986-05-01', NULL),
	(531, '101', 59, '1986-06-01', NULL),
	(532, '101', 65, '1986-07-01', NULL),
	(533, '101', 64, '1986-08-01', NULL),
	(534, '101', 61, '1986-09-01', NULL),
	(535, '101', 57, '1986-10-01', NULL),
	(536, '101', 59, '1986-11-01', NULL),
	(537, '101', 68, '1986-12-01', NULL),
	(538, '101', 73, '1987-01-01', NULL),
	(539, '101', 70, '1987-02-01', NULL),
	(540, '101', 65, '1987-03-01', NULL),
	(541, '101', 60, '1987-04-01', NULL),
	(542, '101', 58, '1987-05-01', NULL),
	(543, '101', 63, '1987-06-01', NULL),
	(544, '101', 68, '1987-07-01', NULL),
	(545, '101', 70, '1987-08-01', NULL),
	(546, '101', 64, '1987-09-01', NULL),
	(547, '101', 60, '1987-10-01', NULL),
	(548, '101', 62, '1987-11-01', NULL),
	(549, '101', 70, '1987-12-01', NULL),
	(550, '101', 79, '1988-01-01', NULL),
	(551, '101', 76, '1988-02-01', NULL),
	(552, '101', 70, '1988-03-01', NULL),
	(553, '101', 63, '1988-04-01', NULL),
	(554, '101', 61, '1988-05-01', NULL),
	(555, '101', 67, '1988-06-01', NULL),
	(556, '101', 72, '1988-07-01', NULL),
	(557, '101', 75, '1988-08-01', NULL),
	(558, '101', 67, '1988-09-01', NULL),
	(559, '101', 63, '1988-10-01', NULL),
	(560, '101', 65, '1988-11-01', NULL),
	(561, '101', 73, '1988-12-01', NULL),
	(562, '101', 77, '1989-01-01', NULL),
	(563, '101', 76, '1989-02-01', NULL),
	(564, '101', 73, '1989-03-01', NULL),
	(565, '101', 65, '1989-04-01', NULL),
	(566, '101', 63, '1989-05-01', NULL),
	(567, '101', 68, '1989-06-01', NULL),
	(568, '101', 74, '1989-07-01', NULL),
	(569, '101', 75, '1989-08-01', NULL),
	(570, '101', 69, '1989-09-01', NULL),
	(571, '101', 65, '1989-10-01', NULL),
	(572, '101', 69, '1989-11-01', NULL),
	(573, '101', 84, '1989-12-01', NULL),
	(574, '101', 84, '1990-01-01', NULL),
	(575, '101', 77, '1990-02-01', NULL),
	(576, '101', 73, '1990-03-01', NULL),
	(577, '101', 67, '1990-04-01', NULL),
	(578, '101', 65, '1990-05-01', NULL),
	(579, '101', 71, '1990-06-01', NULL),
	(580, '101', 76, '1990-07-01', NULL),
	(581, '101', 77, '1990-08-01', NULL),
	(582, '101', 73, '1990-09-01', NULL),
	(583, '101', 67, '1990-10-01', NULL),
	(584, '101', 68, '1990-11-01', NULL),
	(585, '101', 77, '1990-12-01', NULL),
	(586, '101', 86, '1991-01-01', NULL),
	(587, '101', 77, '1991-02-01', NULL),
	(588, '101', 73, '1991-03-01', NULL),
	(589, '101', 67, '1991-04-01', NULL),
	(590, '101', 68, '1991-05-01', NULL),
	(591, '101', 74, '1991-06-01', NULL),
	(592, '101', 80, '1991-07-01', NULL),
	(593, '101', 79, '1991-08-01', NULL),
	(594, '101', 73, '1991-09-01', NULL),
	(595, '101', 68, '1991-10-01', NULL),
	(596, '101', 72, '1991-11-01', NULL),
	(597, '101', 79, '1991-12-01', NULL),
	(598, '101', 85, '1992-01-01', NULL),
	(599, '101', 80, '1992-02-01', NULL),
	(600, '101', 74, '1992-03-01', NULL),
	(601, '101', 69, '1992-04-01', NULL),
	(602, '101', 67, '1992-05-01', NULL),
	(603, '101', 71, '1992-06-01', NULL),
	(604, '101', 77, '1992-07-01', NULL),
	(605, '101', 76, '1992-08-01', NULL),
	(606, '101', 72, '1992-09-01', NULL),
	(607, '101', 69, '1992-10-01', NULL),
	(608, '101', 73, '1992-11-01', NULL),
	(609, '101', 84, '1992-12-01', NULL),
	(610, '101', 87, '1993-01-01', NULL),
	(611, '101', 84, '1993-02-01', NULL),
	(612, '101', 79, '1993-03-01', NULL),
	(613, '101', 71, '1993-04-01', NULL),
	(614, '101', 67, '1993-05-01', NULL),
	(615, '101', 74, '1993-06-01', NULL),
	(616, '101', 82, '1993-07-01', NULL),
	(617, '101', 82, '1993-08-01', NULL),
	(618, '101', 74, '1993-09-01', NULL),
	(619, '101', 69, '1993-10-01', NULL),
	(620, '101', 74, '1993-11-01', NULL),
	(621, '101', 84, '1993-12-01', NULL),
	(622, '101', 94, '1994-01-01', NULL),
	(623, '101', 87, '1994-02-01', NULL),
	(624, '101', 79, '1994-03-01', NULL),
	(625, '101', 70, '1994-04-01', NULL),
	(626, '101', 69, '1994-05-01', NULL),
	(627, '101', 77, '1994-06-01', NULL),
	(628, '101', 83, '1994-07-01', NULL),
	(629, '101', 81, '1994-08-01', NULL),
	(630, '101', 75, '1994-09-01', NULL),
	(631, '101', 71, '1994-10-01', NULL),
	(632, '101', 75, '1994-11-01', NULL),
	(633, '101', 84, '1994-12-01', NULL),
	(634, '101', 92, '1995-01-01', NULL),
	(635, '101', 87, '1995-02-01', NULL),
	(636, '101', 81, '1995-03-01', NULL),
	(637, '101', 73, '1995-04-01', NULL),
	(638, '101', 73, '1995-05-01', NULL),
	(639, '101', 78, '1995-06-01', NULL),
	(640, '101', 85, '1995-07-01', NULL),
	(641, '101', 89, '1995-08-01', NULL),
	(642, '101', 78, '1995-09-01', NULL),
	(643, '101', 73, '1995-10-01', NULL),
	(644, '101', 79, '1995-11-01', NULL),
	(645, '101', 90, '1995-12-01', NULL),
	(646, '101', 98, '1996-01-01', NULL),
	(647, '101', 92, '1996-02-01', NULL),
	(648, '101', 86, '1996-03-01', NULL),
	(649, '101', 77, '1996-04-01', NULL),
	(650, '101', 76, '1996-05-01', NULL),
	(651, '101', 81, '1996-06-01', NULL),
	(652, '101', 85, '1996-07-01', NULL),
	(653, '101', 86, '1996-08-01', NULL),
	(654, '101', 79, '1996-09-01', NULL),
	(655, '101', 74, '1996-10-01', NULL),
	(656, '101', 81, '1996-11-01', NULL),
	(657, '101', 90, '1996-12-01', NULL),
	(658, '101', 98, '1997-01-01', NULL),
	(659, '101', 89, '1997-02-01', NULL),
	(660, '101', 83, '1997-03-01', NULL),
	(661, '101', 76, '1997-04-01', NULL),
	(662, '101', 73, '1997-05-01', NULL),
	(663, '101', 79, '1997-06-01', NULL),
	(664, '101', 88, '1997-07-01', NULL),
	(665, '101', 87, '1997-08-01', NULL),
	(666, '101', 81, '1997-09-01', NULL),
	(667, '101', 77, '1997-10-01', NULL),
	(668, '101', 82, '1997-11-01', NULL),
	(669, '101', 92, '1997-12-01', NULL),
	(670, '101', 94, '1998-01-01', NULL),
	(671, '101', 87, '1998-02-01', NULL),
	(672, '101', 86, '1998-03-01', NULL),
	(673, '101', 76, '1998-04-01', NULL),
	(674, '101', 78, '1998-05-01', NULL),
	(675, '101', 86, '1998-06-01', NULL),
	(676, '101', 93, '1998-07-01', NULL),
	(677, '101', 93, '1998-08-01', NULL),
	(678, '101', 87, '1998-09-01', NULL),
	(679, '101', 80, '1998-10-01', NULL),
	(680, '101', 81, '1998-11-01', NULL),
	(681, '101', 91, '1998-12-01', NULL),
	(682, '101', 102, '1999-01-01', NULL),
	(683, '101', 91, '1999-02-01', NULL),
	(684, '101', 90, '1999-03-01', NULL),
	(685, '101', 80, '1999-04-01', NULL),
	(686, '101', 79, '1999-05-01', NULL),
	(687, '101', 87, '1999-06-01', NULL),
	(688, '101', 97, '1999-07-01', NULL),
	(689, '101', 96, '1999-08-01', NULL),
	(690, '101', 87, '1999-09-01', NULL),
	(691, '101', 80, '1999-10-01', NULL),
	(692, '101', 82, '1999-11-01', NULL),
	(693, '101', 94, '1999-12-01', NULL),
	(694, '101', 102, '2000-01-01', NULL),
	(695, '101', 94, '2000-02-01', NULL),
	(696, '101', 88, '2000-03-01', NULL),
	(697, '101', 81, '2000-04-01', NULL),
	(698, '101', 84, '2000-05-01', NULL),
	(699, '101', 91, '2000-06-01', NULL),
	(700, '101', 95, '2000-07-01', NULL),
	(701, '101', 99, '2000-08-01', NULL),
	(702, '101', 90, '2000-09-01', NULL),
	(703, '101', 83, '2000-10-01', NULL),
	(704, '101', 88, '2000-11-01', NULL),
	(705, '101', 102, '2000-12-01', NULL),
	(706, '101', 109, '2001-01-01', NULL),
	(707, '101', 97, '2001-02-01', NULL),
	(708, '101', 92, '2001-03-01', NULL),
	(709, '101', 82, '2001-04-01', NULL),
	(710, '101', 82, '2001-05-01', NULL),
	(711, '101', 90, '2001-06-01', NULL),
	(712, '101', 96, '2001-07-01', NULL),
	(713, '101', 99, '2001-08-01', NULL),
	(714, '101', 88, '2001-09-01', NULL),
	(715, '101', 82, '2001-10-01', NULL),
	(716, '101', 82, '2001-11-01', NULL),
	(717, '101', 93, '2001-12-01', NULL),
	(718, '101', 102, '2002-01-01', NULL),
	(719, '101', 95, '2002-02-01', NULL),
	(720, '101', 93, '2002-03-01', NULL),
	(721, '101', 85, '2002-04-01', NULL),
	(722, '101', 85, '2002-05-01', NULL),
	(723, '101', 93, '2002-06-01', NULL),
	(724, '101', 102, '2002-07-01', NULL),
	(725, '101', 101, '2002-08-01', NULL),
	(726, '101', 93, '2002-09-01', NULL),
	(727, '101', 86, '2002-10-01', NULL),
	(728, '101', 88, '2002-11-01', NULL),
	(729, '101', 100, '2002-12-01', NULL),
	(730, '101', 110, '2003-01-01', NULL),
	(731, '101', 103, '2003-02-01', NULL),
	(732, '101', 94, '2003-03-01', NULL),
	(733, '101', 85, '2003-04-01', NULL),
	(734, '101', 85, '2003-05-01', NULL),
	(735, '101', 91, '2003-06-01', NULL),
	(736, '101', 102, '2003-07-01', NULL),
	(737, '101', 104, '2003-08-01', NULL),
	(738, '101', 92, '2003-09-01', NULL),
	(739, '101', 86, '2003-10-01', NULL),
	(740, '101', 88, '2003-11-01', NULL),
	(741, '101', 103, '2003-12-01', NULL),
	(742, '101', 113, '2004-01-01', NULL),
	(743, '101', 106, '2004-02-01', NULL),
	(744, '101', 95, '2004-03-01', NULL),
	(745, '101', 86, '2004-04-01', NULL),
	(746, '101', 89, '2004-05-01', NULL),
	(747, '101', 95, '2004-06-01', NULL),
	(748, '101', 101, '2004-07-01', NULL),
	(749, '101', 100, '2004-08-01', NULL),
	(750, '101', 94, '2004-09-01', NULL),
	(751, '101', 87, '2004-10-01', NULL),
	(752, '101', 89, '2004-11-01', NULL),
	(753, '101', 105, '2004-12-01', NULL),
	(754, '101', 111, '2005-01-01', NULL),
	(755, '101', 101, '2005-02-01', NULL),
	(756, '101', 98, '2005-03-01', NULL),
	(757, '101', 86, '2005-04-01', NULL),
	(758, '101', 87, '2005-05-01', NULL),
	(759, '101', 99, '2005-06-01', NULL),
	(760, '101', 108, '2005-07-01', NULL),
	(761, '101', 109, '2005-08-01', NULL),
	(762, '101', 99, '2005-09-01', NULL),
	(763, '101', 89, '2005-10-01', NULL),
	(764, '101', 90, '2005-11-01', NULL),
	(765, '101', 108, '2005-12-01', NULL),
	(766, '101', 104, '2006-01-01', NULL),
	(767, '101', 101, '2006-02-01', NULL),
	(768, '101', 98, '2006-03-01', NULL),
	(769, '101', 87, '2006-04-01', NULL),
	(770, '101', 90, '2006-05-01', NULL),
	(771, '101', 100, '2006-06-01', NULL),
	(772, '101', 110, '2006-07-01', NULL),
	(773, '101', 111, '2006-08-01', NULL),
	(774, '101', 95, '2006-09-01', NULL),
	(775, '101', 90, '2006-10-01', NULL),
	(776, '101', 92, '2006-11-01', NULL),
	(777, '101', 103, '2006-12-01', NULL),
	(778, '101', 112, '2007-01-01', NULL),
	(779, '101', 111, '2007-02-01', NULL),
	(780, '101', 99, '2007-03-01', NULL),
	(781, '101', 90, '2007-04-01', NULL),
	(782, '101', 92, '2007-05-01', NULL),
	(783, '101', 100, '2007-06-01', NULL),
	(784, '101', 107, '2007-07-01', NULL),
	(785, '101', 114, '2007-08-01', NULL),
	(786, '101', 101, '2007-09-01', NULL),
	(787, '101', 93, '2007-10-01', NULL),
	(788, '101', 93, '2007-11-01', NULL),
	(789, '101', 106, '2007-12-01', NULL),
	(790, '101', 114, '2008-01-01', NULL),
	(791, '101', 108, '2008-02-01', NULL),
	(792, '101', 100, '2008-03-01', NULL),
	(793, '101', 90, '2008-04-01', NULL),
	(794, '101', 91, '2008-05-01', NULL),
	(795, '101', 103, '2008-06-01', NULL),
	(796, '101', 110, '2008-07-01', NULL),
	(797, '101', 107, '2008-08-01', NULL),
	(798, '101', 97, '2008-09-01', NULL),
	(799, '101', 90, '2008-10-01', NULL),
	(800, '101', 93, '2008-11-01', NULL),
	(801, '101', 109, '2008-12-01', NULL),
	(802, '101', 116, '2009-01-01', NULL),
	(803, '101', 104, '2009-02-01', NULL),
	(804, '101', 97, '2009-03-01', NULL),
	(805, '101', 88, '2009-04-01', NULL),
	(806, '101', 87, '2009-05-01', NULL),
	(807, '101', 97, '2009-06-01', NULL),
	(808, '101', 103, '2009-07-01', NULL),
	(809, '101', 105, '2009-08-01', NULL),
	(810, '101', 94, '2009-09-01', NULL),
	(811, '101', 89, '2009-10-01', NULL),
	(812, '101', 89, '2009-11-01', NULL),
	(813, '101', 110, '2009-12-01', NULL),
	(814, '101', 119, '2010-01-01', NULL),
	(815, '101', 110, '2010-02-01', NULL),
	(816, '101', 98, '2010-03-01', NULL),
	(817, '101', 86, '2010-04-01', NULL),
	(818, '101', 90, '2010-05-01', NULL),
	(819, '101', 104, '2010-06-01', NULL),
	(820, '101', 112, '2010-07-01', NULL),
	(821, '101', 112, '2010-08-01', NULL),
	(822, '101', 100, '2010-09-01', NULL),
	(823, '101', 88, '2010-10-01', NULL),
	(824, '101', 92, '2010-11-01', NULL),
	(825, '101', 114, '2010-12-01', NULL),
	(826, '101', 119, '2011-01-01', NULL),
	(827, '101', 107, '2011-02-01', NULL),
	(828, '101', 99, '2011-03-01', NULL),
	(829, '101', 89, '2011-04-01', NULL),
	(830, '101', 90, '2011-05-01', NULL),
	(831, '101', 102, '2011-06-01', NULL),
	(832, '101', 114, '2011-07-01', NULL),
	(833, '101', 113, '2011-08-01', NULL),
	(834, '101', 99, '2011-09-01', NULL),
	(835, '101', 90, '2011-10-01', NULL),
	(836, '101', 93, '2011-11-01', NULL),
	(837, '101', 107, '2011-12-01', NULL),
	(838, '101', 111, '2012-01-01', NULL),
	(839, '101', 103, '2012-02-01', NULL),
	(840, '101', 93, '2012-03-01', NULL),
	(841, '101', 87, '2012-04-01', NULL),
	(842, '101', 92, '2012-05-01', NULL),
	(843, '101', 101, '2012-06-01', NULL),
	(844, '101', 113, '2012-07-01', NULL),
	(845, '101', 109, '2012-08-01', NULL),
	(846, '101', 96, '2012-09-01', NULL),
	(847, '101', 90, '2012-10-01', NULL),
	(848, '101', 94, '2012-11-01', NULL),
	(849, '101', 105, '2012-12-01', NULL),
	(850, '101', 115, '2013-01-01', NULL),
	(851, '101', 106, '2013-02-01', NULL),
	(852, '101', 102, '2013-03-01', NULL),
	(853, '101', 91, '2013-04-01', NULL),
	(854, '101', 90, '2013-05-01', NULL),
	(855, '101', 100, '2013-06-01', NULL),
	(856, '101', 110, '2013-07-01', NULL),
	(857, '101', 108, '2013-08-01', NULL),
	(858, '101', 99, '2013-09-01', NULL),
	(859, '101', 91, '2013-10-01', NULL),
	(860, '101', 97, '2013-11-01', NULL),
	(861, '101', 113, '2013-12-01', NULL),
	(862, '101', 124, '2014-01-01', NULL),
	(863, '101', 112, '2014-02-01', NULL),
	(864, '101', 104, '2014-03-01', NULL),
	(865, '101', 90, '2014-04-01', NULL),
	(866, '101', 92, '2014-05-01', NULL),
	(867, '101', 101, '2014-06-01', NULL),
	(868, '101', 108, '2014-07-01', NULL),
	(869, '101', 108, '2014-08-01', NULL),
	(870, '101', 100, '2014-09-01', NULL),
	(871, '101', 92, '2014-10-01', NULL),
	(872, '101', 99, '2014-11-01', NULL),
	(873, '101', 109, '2014-12-01', NULL),
	(874, '101', 120, '2015-01-01', NULL),
	(875, '101', 116, '2015-02-01', NULL),
	(876, '101', 104, '2015-03-01', NULL),
	(877, '101', 89, '2015-04-01', NULL),
	(878, '101', 91, '2015-05-01', NULL),
	(879, '101', 102, '2015-06-01', NULL),
	(880, '101', 111, '2015-07-01', NULL),
	(881, '101', 110, '2015-08-01', NULL),
	(882, '101', 101, '2015-09-01', NULL),
	(883, '101', 91, '2015-10-01', NULL),
	(884, '101', 93, '2015-11-01', NULL),
	(885, '101', 103, '2015-12-01', NULL),
	(886, '101', 117, '2016-01-01', NULL),
	(887, '101', 106, '2016-02-01', NULL),
	(888, '101', 95, '2016-03-01', NULL),
	(889, '101', 89, '2016-04-01', NULL),
	(890, '101', 90, '2016-05-01', NULL),
	(891, '101', 104, '2016-06-01', NULL),
	(892, '101', 114, '2016-07-01', NULL),
	(893, '101', 115, '2016-08-01', NULL),
	(894, '101', 102, '2016-09-01', NULL),
	(895, '101', 91, '2016-10-01', NULL),
	(896, '101', 92, '2016-11-01', NULL),
	(897, '101', 112, '2016-12-01', NULL),
	(898, '101', 114, '2017-01-01', NULL),
	(899, '101', 99, '2017-02-01', NULL),
	(900, '101', 101, '2017-03-01', NULL),
	(901, '101', 88, '2017-04-01', NULL),
	(902, '101', 92, '2017-05-01', NULL),
	(903, '101', 102, '2017-06-01', NULL),
	(904, '101', 112, '2017-07-01', NULL),
	(905, '101', 108, '2017-08-01', NULL),
	(906, '101', 98, '2017-09-01', NULL),
	(907, '101', 93, '2017-10-01', NULL),
	(908, '101', 97, '2017-11-01', NULL),
	(909, '101', 114, '2017-12-01', NULL),
	(910, '101', 129, '2018-01-01', NULL);

-- Dumping structure for table ofs.inventorydetails_date
CREATE TABLE IF NOT EXISTS `inventorydetails_date` (
  `id` bigint(20) NOT NULL AUTO_INCREMENT,
  `user_id` bigint(20) DEFAULT NULL,
  `price` varchar(50) DEFAULT NULL,
  `product_id` varchar(50) DEFAULT NULL,
  `quantity` varchar(100) DEFAULT NULL,
  `quantity_added` varchar(50) DEFAULT NULL,
  `quantity_deducted` varchar(50) DEFAULT NULL,
  `date` date DEFAULT NULL,
  PRIMARY KEY (`id`) USING BTREE,
  KEY `FK_inventorydetails_date_app_ofs_customuser` (`user_id`),
  KEY `FK_inventorydetails_date_product_info` (`product_id`),
  CONSTRAINT `FK_inventorydetails_date_app_ofs_customuser` FOREIGN KEY (`user_id`) REFERENCES `app_ofs_customuser` (`id`) ON DELETE NO ACTION ON UPDATE NO ACTION,
  CONSTRAINT `FK_inventorydetails_date_product_info` FOREIGN KEY (`product_id`) REFERENCES `product_info` (`product_id`) ON DELETE NO ACTION ON UPDATE NO ACTION
) ENGINE=InnoDB AUTO_INCREMENT=133 DEFAULT CHARSET=utf8mb4 COLLATE=utf8mb4_general_ci;

-- Dumping data for table ofs.inventorydetails_date: ~24 rows (approximately)
INSERT INTO `inventorydetails_date` (`id`, `user_id`, `price`, `product_id`, `quantity`, `quantity_added`, `quantity_deducted`, `date`) VALUES
	(109, 39, '111', '101', '10', '70', '20', '2024-02-02'),
	(110, 39, '15', '103', '0', '0', '0', '2024-02-02'),
	(111, 39, '0', '104', '121', '121', '0', '2024-02-02'),
	(112, 39, '0', '105', '0', '0', '0', '2024-02-02'),
	(113, 39, '0', '106', '0', '50', '50', '2024-02-02'),
	(114, 39, '0', '107', '0', '0', '0', '2024-02-02'),
	(115, 39, '11', '101', '71', '221', '50', '2024-02-03'),
	(116, 39, '0', '103', '0', '0', '0', '2024-02-03'),
	(117, 39, '12', '104', '30', '10', '20', '2024-02-03'),
	(118, 39, '0', '105', '60', '60', '0', '2024-02-03'),
	(119, 39, '0', '106', '0', '0', '0', '2024-02-03'),
	(120, 39, '0', '107', '11', '11', '0', '2024-02-03'),
	(121, 39, '12', '101', '-231', '12', '243', '2024-02-04'),
	(122, 39, '11', '103', '12', '12', '0', '2024-02-04'),
	(123, 39, '12', '104', '-76', '10', '136', '2024-02-04'),
	(124, 39, '0', '105', '60', '0', '0', '2024-02-04'),
	(125, 39, '0', '106', '0', '0', '0', '2024-02-04'),
	(126, 39, '0', '107', '11', '0', '0', '2024-02-04'),
	(127, 39, '12', '101', '-231', '0', '0', '2024-02-05'),
	(128, 39, '11', '103', '-12', '50', '62', '2024-02-05'),
	(129, 39, '12', '104', '-76', '0', '0', '2024-02-05'),
	(130, 39, '0', '105', '-65', '70', '135', '2024-02-05'),
	(131, 39, '0', '106', '0', '50', '50', '2024-02-05'),
	(132, 39, '0', '107', '-4', '0', '15', '2024-02-05');

-- Dumping structure for table ofs.inventory_details
CREATE TABLE IF NOT EXISTS `inventory_details` (
  `id` bigint(20) NOT NULL DEFAULT 0,
  `quantity` varchar(50) DEFAULT NULL,
  `price` varchar(50) DEFAULT NULL,
  `product_id` varchar(50) DEFAULT NULL,
  `user_id` bigint(20) DEFAULT NULL,
  PRIMARY KEY (`id`) USING BTREE,
  KEY `product_id` (`product_id`) USING BTREE,
  KEY `inventory_details_user_id_6347c7d8` (`user_id`),
  CONSTRAINT `FK_inventory_details_app_ofs_customuser` FOREIGN KEY (`user_id`) REFERENCES `app_ofs_customuser` (`id`) ON DELETE NO ACTION ON UPDATE NO ACTION,
  CONSTRAINT `FK_inventory_details_product_info` FOREIGN KEY (`product_id`) REFERENCES `product_info` (`product_id`) ON DELETE NO ACTION ON UPDATE NO ACTION
) ENGINE=InnoDB DEFAULT CHARSET=utf8mb4 COLLATE=utf8mb4_general_ci;

-- Dumping data for table ofs.inventory_details: ~0 rows (approximately)
INSERT INTO `inventory_details` (`id`, `quantity`, `price`, `product_id`, `user_id`) VALUES
	(0, '34', '10', '101', 39);

-- Dumping structure for table ofs.logs
CREATE TABLE IF NOT EXISTS `logs` (
  `id` int(11) NOT NULL AUTO_INCREMENT,
  `username` varchar(50) DEFAULT NULL,
  `ip` varchar(50) DEFAULT NULL,
  `description` varchar(50) DEFAULT NULL,
  `logged_on` datetime DEFAULT current_timestamp(),
  PRIMARY KEY (`id`)
) ENGINE=InnoDB AUTO_INCREMENT=252 DEFAULT CHARSET=utf8mb4 COLLATE=utf8mb4_general_ci;

-- Dumping data for table ofs.logs: ~36 rows (approximately)
INSERT INTO `logs` (`id`, `username`, `ip`, `description`, `logged_on`) VALUES
	(216, 'lbaj', '127.0.0.1', 'logged in', '2024-01-30 14:08:46'),
	(217, 'lbaj', '127.0.0.1', 'logged in', '2024-01-30 14:16:34'),
	(218, 'manoj_183', '127.0.0.1', 'Incorrect username/password', '2024-01-30 22:28:37'),
	(219, 'manoj_183', '127.0.0.1', 'Incorrect username/password', '2024-01-30 22:29:01'),
	(220, 'manoj_183', '127.0.0.1', 'Incorrect username/password', '2024-01-30 22:30:49'),
	(221, 'manoj_183', '127.0.0.1', 'Incorrect username/password', '2024-01-30 22:31:04'),
	(222, 'manoj_183', '127.0.0.1', 'Incorrect username/password', '2024-01-30 22:31:22'),
	(223, 'manoj_183', '127.0.0.1', 'Incorrect username/password', '2024-01-30 22:31:27'),
	(224, 'manoj_183', '127.0.0.1', 'Incorrect username/password', '2024-01-30 22:33:50'),
	(225, 'manoj_183', '127.0.0.1', 'logged in', '2024-01-30 22:34:48'),
	(226, 'lbaj', '127.0.0.1', 'logged in', '2024-01-30 23:02:43'),
	(227, 'manoj_375', '127.0.0.1', 'Incorrect username/password', '2024-01-30 23:04:18'),
	(228, 'manoj_375', '127.0.0.1', 'Incorrect username/password', '2024-01-30 23:04:27'),
	(229, 'manoj_375', '127.0.0.1', 'logged in', '2024-01-30 23:04:52'),
	(230, 'nimiP', '127.0.0.1', 'logged in', '2024-01-30 23:18:42'),
	(231, 'lujana_313', '127.0.0.1', 'Incorrect username/password', '2024-01-30 23:28:14'),
	(232, 'lujana_313', '127.0.0.1', 'Incorrect username/password', '2024-01-30 23:28:38'),
	(233, 'lujana_313', '127.0.0.1', 'Incorrect username/password', '2024-01-30 23:28:57'),
	(234, 'lujana_313', '127.0.0.1', 'logged in', '2024-01-30 23:29:31'),
	(235, 'nimiP', '127.0.0.1', 'logged in', '2024-01-30 23:32:30'),
	(236, 'lujana_313', '127.0.0.1', 'logged in', '2024-01-30 23:32:48'),
	(237, 'nimiP', '127.0.0.1', 'logged in', '2024-01-30 23:32:56'),
	(238, 'lujana_313', '127.0.0.1', 'logged in', '2024-01-30 23:34:04'),
	(239, 'nimiP', '127.0.0.1', 'logged in', '2024-01-30 23:36:25'),
	(240, 'nimiP', '127.0.0.1', 'logged in', '2024-01-30 23:56:31'),
	(241, 'nimiP', '127.0.0.1', 'Incorrect username/password', '2024-01-30 23:57:10'),
	(242, 'nimiP', '127.0.0.1', 'logged in', '2024-01-30 23:57:16'),
	(243, 'nimiP', '127.0.0.1', 'logged in', '2024-01-31 01:21:56'),
	(244, 'nimiP', '127.0.0.1', 'logged in', '2024-01-31 07:38:10'),
	(245, 'nimiP', '127.0.0.1', 'logged in', '2024-01-31 09:49:39'),
	(246, 'lbaj', '127.0.0.1', 'logged in', '2024-01-31 10:11:32'),
	(247, 'lbaj', '127.0.0.1', 'logged in', '2024-01-31 10:40:46'),
	(248, 'nimi.P', '127.0.0.1', 'Incorrect username/password', '2024-02-04 00:06:23'),
	(249, 'nimiP', '127.0.0.1', 'logged in', '2024-02-04 00:06:40'),
	(250, 'nimiP', '127.0.0.1', 'Incorrect username/password', '2024-02-04 00:15:14'),
	(251, 'nimiP', '127.0.0.1', 'logged in', '2024-02-04 00:15:21');

-- Dumping structure for table ofs.order_info
CREATE TABLE IF NOT EXISTS `order_info` (
  `id` int(11) NOT NULL AUTO_INCREMENT,
  `order_id` varchar(50) DEFAULT NULL,
  `quantity` varchar(50) DEFAULT NULL,
  `ordered_date` date DEFAULT NULL,
  `delivery_date` date DEFAULT NULL,
  `price` varchar(50) DEFAULT NULL,
  `status` varchar(50) DEFAULT NULL,
  `product_id` varchar(50) DEFAULT NULL,
  `user_id` bigint(20) DEFAULT NULL,
  `total_price` varchar(50) DEFAULT NULL,
  `added_on` datetime DEFAULT NULL,
  `updated_on` datetime DEFAULT NULL,
  `deleted_on` datetime DEFAULT NULL,
  `completed_date` date DEFAULT NULL,
  PRIMARY KEY (`id`),
  UNIQUE KEY `order_id` (`order_id`),
  KEY `user_id` (`user_id`) USING BTREE,
  KEY `productid` (`product_id`) USING BTREE,
  CONSTRAINT `FK_order_info_product_info` FOREIGN KEY (`product_id`) REFERENCES `product_info` (`product_id`) ON DELETE NO ACTION ON UPDATE NO ACTION,
  CONSTRAINT `user_id` FOREIGN KEY (`user_id`) REFERENCES `app_ofs_customuser` (`id`) ON DELETE NO ACTION ON UPDATE NO ACTION
) ENGINE=InnoDB AUTO_INCREMENT=159 DEFAULT CHARSET=utf8mb4 COLLATE=utf8mb4_general_ci;

-- Dumping data for table ofs.order_info: ~41 rows (approximately)
INSERT INTO `order_info` (`id`, `order_id`, `quantity`, `ordered_date`, `delivery_date`, `price`, `status`, `product_id`, `user_id`, `total_price`, `added_on`, `updated_on`, `deleted_on`, `completed_date`) VALUES
	(117, '1522', '12', '2024-01-30', '2024-02-01', '12', 'Cancelled', '101', 39, '144', '2024-02-03 17:52:36', NULL, '2024-02-03 19:29:04', NULL),
	(118, '1879', '12', '2024-02-04', '2024-02-13', '12', 'Ongoing', '101', 39, '144', '2024-02-03 18:40:23', NULL, '2024-02-03 19:29:15', NULL),
	(119, '1971', '12', '2024-02-03', '2024-02-19', '12', 'Ongoing', '101', 39, '144', '2024-02-03 19:33:11', NULL, '2024-02-03 19:43:06', NULL),
	(120, '1326', '12', '2024-01-31', '2024-02-14', '10', 'Cancelled', '101', 39, '120', '2024-02-03 19:35:21', NULL, NULL, NULL),
	(121, '1076', '12', '2024-02-02', '2024-02-10', '12', 'Cancelled', '104', 39, '144', '2024-02-03 19:41:19', NULL, NULL, NULL),
	(122, '1161', '100', '2024-01-30', '2024-02-08', '10', 'Completed', '101', 39, '1000', '2024-02-03 19:43:27', NULL, NULL, NULL),
	(123, '1827', '-12', '2024-02-04', '2024-02-06', '12', 'Ongoing', '101', 39, '-144', '2024-02-03 19:48:35', NULL, '2024-02-03 19:52:43', NULL),
	(124, '1944', '-1', '2024-02-04', '2024-02-20', '12', 'Ongoing', '101', 39, '-12', '2024-02-03 19:55:28', NULL, '2024-02-04 07:37:06', NULL),
	(125, '1718', '-12', '2024-02-04', '2024-02-13', '12', 'Ongoing', '101', 39, '-144', '2024-02-03 19:56:18', NULL, '2024-02-04 07:24:58', NULL),
	(126, '1557', '-1', '2024-02-04', '2024-02-20', '12', 'Ongoing', '101', 39, '-12', '2024-02-03 19:57:00', NULL, '2024-02-04 07:23:29', NULL),
	(127, '1296', '-10', '2024-02-05', '2024-02-21', '10', 'Ongoing', '101', 39, '-100', '2024-02-03 19:57:30', NULL, '2024-02-04 07:24:10', NULL),
	(128, '1164', '-10', '2024-02-04', '2024-02-21', '12', 'Ongoing', '101', 39, '-120', '2024-02-03 19:58:40', NULL, '2024-02-04 07:32:15', NULL),
	(129, '1280', '12', '2024-02-05', '2024-02-24', '10', 'Ongoing', '101', 39, '120', '2024-02-03 20:22:38', NULL, '2024-02-04 07:29:33', NULL),
	(130, '1755', '12', '2024-02-04', '2024-02-14', '12', 'Ongoing', '104', 39, '144', '2024-02-03 20:28:42', NULL, '2024-02-04 07:27:14', NULL),
	(131, '1275', '12', '2024-02-04', '2024-02-22', '0', 'Ongoing', '110', 39, '0', '2024-02-03 20:28:54', NULL, '2024-02-04 07:26:32', NULL),
	(132, '1662', '12', '2024-02-04', '2024-02-20', '0', 'Ongoing', '108', 39, '0', '2024-02-03 20:29:07', NULL, '2024-02-04 07:22:57', NULL),
	(133, '1928', '12', '2024-02-13', '2024-02-22', '0', 'Ongoing', '107', 39, '0', '2024-02-03 20:29:23', NULL, '2024-02-04 07:22:13', NULL),
	(134, '1609', '12', '2024-02-23', '2024-02-29', '0', 'Ongoing', '103', 39, '0', '2024-02-03 20:29:34', NULL, '2024-02-04 07:22:00', NULL),
	(135, '1294', '12', '2024-02-17', '2024-02-28', '0', 'Ongoing', '103', 39, '0', '2024-02-03 20:29:44', NULL, '2024-02-04 07:21:17', NULL),
	(136, '1471', '12', '2024-02-15', '2024-02-29', '10', 'Ongoing', '101', 39, '120', '2024-02-03 20:29:55', NULL, '2024-02-04 07:20:11', NULL),
	(137, '1853', '12', '2024-02-20', '2024-02-27', '0', 'Ongoing', '103', 39, '0', '2024-02-03 20:30:05', NULL, '2024-02-04 07:19:32', NULL),
	(138, '1669', '12', '2024-02-21', '2024-02-28', '0', 'Completed', '103', 39, '0', '2024-02-03 20:30:16', NULL, NULL, NULL),
	(139, '1799', '12', '2024-02-22', '2024-03-08', '10', 'Ongoing', '101', 39, '120', '2024-02-03 20:30:25', NULL, '2024-02-04 07:14:52', NULL),
	(140, '1192', '20', '2024-02-20', '2024-02-27', '10', 'Ongoing', '110', 39, '200', '2024-02-03 20:30:33', NULL, '2024-02-04 07:14:27', NULL),
	(141, '1027', '12', '2024-02-05', '2024-02-19', '120', 'Ongoing', '104', 39, '1440', '2024-02-03 20:30:46', NULL, '2024-02-04 07:14:13', NULL),
	(142, '1114', '12', '2024-02-28', '2024-03-08', '10', 'Completed', '101', 39, '120', '2024-02-03 20:30:57', NULL, NULL, NULL),
	(143, '1732', '12', '2024-02-13', '2024-02-14', '10', 'Completed', '101', 39, '120', '2024-02-03 20:31:11', NULL, NULL, NULL),
	(144, '1506', '12', '2024-02-03', '2024-02-26', '111', 'Completed', '101', 39, '1332', '2024-02-04 08:21:21', NULL, NULL, NULL),
	(145, '1970', '12', '2024-02-03', '2024-02-11', '111', 'Completed', '101', 39, '1332', '2024-02-04 09:23:49', NULL, NULL, NULL),
	(146, '1500', '60', '2024-02-03', '2024-02-19', '30', 'Completed', '107', 39, '1800', '2024-02-04 15:35:26', NULL, NULL, NULL),
	(147, '1895', '120', '2024-01-28', '2024-02-02', '10', 'Completed', '106', 39, '1200', '2024-02-04 15:40:45', NULL, NULL, NULL),
	(148, '1019', '21', '2024-01-31', '2024-02-14', '1123', 'Completed', '104', 39, '23583', '2024-02-04 17:45:24', NULL, NULL, NULL),
	(149, '1740', '136', '2024-02-03', '2024-02-28', '12', 'Completed', '104', 39, '1632', '2024-02-04 17:48:54', NULL, NULL, NULL),
	(150, '1260', '247', '2024-02-03', '2024-02-14', '12', 'Completed', '104', 39, '2964', '2024-02-04 17:49:35', NULL, NULL, NULL),
	(151, '1324', '231', '2024-01-31', '2024-02-18', '11', 'Ongoing', '101', 39, '2541', '2024-02-04 18:11:42', NULL, NULL, NULL),
	(152, '1855', '12', '2024-02-04', '2024-02-19', '12', 'Completed', '101', 39, '144', '2024-02-04 18:36:35', NULL, NULL, NULL),
	(153, '1215', '12', '2024-02-05', '2024-02-13', '12', 'Completed', '101', 39, '144', '2024-02-04 18:47:01', NULL, NULL, '2024-02-04'),
	(154, '1868', '12', '2024-02-19', '2024-02-28', '11', 'Completed', '103', 39, '132', '2024-02-05 16:25:35', NULL, NULL, '2024-02-05'),
	(155, '1672', '75', '2024-02-10', '2024-02-26', '0', 'Completed', '105', 39, '0', '2024-02-05 18:15:12', NULL, NULL, '2024-02-05'),
	(156, '1932', '15', '2024-02-06', '2024-02-28', '0', 'Completed', '107', 39, '0', '2024-02-05 18:16:15', NULL, NULL, '2024-02-05'),
	(157, '1730', '50', '2024-02-04', '2024-02-19', '11', 'Completed', '103', 39, '550', '2024-02-05 18:23:45', NULL, NULL, '2024-02-05'),
	(158, '1397', '50', '2024-02-04', '2024-02-13', '0', 'Completed', '106', 39, '0', '2024-02-05 18:26:24', NULL, NULL, '2024-02-05');

-- Dumping structure for table ofs.product_info
CREATE TABLE IF NOT EXISTS `product_info` (
  `id` int(11) NOT NULL AUTO_INCREMENT,
  `product_id` varchar(50) DEFAULT NULL,
  `product_name` varchar(50) DEFAULT NULL,
  `product_description` varchar(200) DEFAULT NULL,
  `user_id` bigint(20) DEFAULT NULL,
  `added_on` datetime DEFAULT NULL,
  `updated_on` datetime DEFAULT NULL,
  `deleted_on` datetime DEFAULT NULL,
  `category_id` bigint(20) DEFAULT NULL,
  PRIMARY KEY (`id`),
  UNIQUE KEY `product_id` (`product_id`),
  KEY `product_name` (`product_name`),
  KEY `userid` (`user_id`) USING BTREE,
  KEY `FK_product_info_category_info` (`category_id`),
  CONSTRAINT `FK_product_info_app_ofs_customuser` FOREIGN KEY (`user_id`) REFERENCES `app_ofs_customuser` (`id`) ON DELETE NO ACTION ON UPDATE NO ACTION,
  CONSTRAINT `FK_product_info_category_info` FOREIGN KEY (`category_id`) REFERENCES `category_info` (`id`) ON DELETE NO ACTION ON UPDATE NO ACTION
) ENGINE=InnoDB AUTO_INCREMENT=194 DEFAULT CHARSET=utf8mb4 COLLATE=utf8mb4_general_ci;

-- Dumping data for table ofs.product_info: ~21 rows (approximately)
INSERT INTO `product_info` (`id`, `product_id`, `product_name`, `product_description`, `user_id`, `added_on`, `updated_on`, `deleted_on`, `category_id`) VALUES
	(172, '101', 'Account book', 'Account Book', 39, '2024-02-03 14:38:23', NULL, NULL, 53),
	(173, '102', 'Nepali book', 'Nepali Book', 39, '2024-02-03 14:38:33', NULL, '2024-02-03 20:27:58', 53),
	(174, '103', 'Physics book', 'Physics Book', 39, '2024-02-03 14:39:17', NULL, NULL, 53),
	(175, '104', 'English book', 'English Book', 39, '2024-02-03 14:52:28', NULL, NULL, 53),
	(176, '105', 'Science book', 'Science Book', 39, '2024-02-03 14:54:03', NULL, NULL, 53),
	(177, '106', 'Chemistry book', 'Chemistry Book', 39, '2024-02-03 14:54:26', NULL, NULL, 53),
	(178, '107', 'Economics book', 'Economics Book', 39, '2024-02-03 14:54:51', NULL, NULL, 53),
	(179, '108', 'Box (12*12)cm', 'Box (12*12)cm', 39, '2024-02-03 14:55:43', NULL, NULL, 55),
	(180, '109', 'Box (15*12)cm', 'Box (15*12)cm', 39, '2024-02-03 14:55:59', NULL, NULL, 55),
	(181, '110', 'Box (15*10)cm', 'Box (15*10)cm', 39, '2024-02-03 14:56:11', NULL, NULL, 55),
	(182, '111', 'Large box', 'Large Box', 39, '2024-02-03 14:56:33', NULL, NULL, 55),
	(183, '112', 'Small box', 'Small Box', 39, '2024-02-03 14:56:43', NULL, NULL, 55),
	(184, '113', 'Medium box', 'Medium Box', 39, '2024-02-03 14:56:54', NULL, NULL, 55),
	(185, '114', 'Scale 10cm', 'Scale 10cm', 39, '2024-02-03 14:57:06', NULL, NULL, 54),
	(186, '115', 'Scale 15cm', 'Scale 15cm', 39, '2024-02-03 14:57:19', NULL, NULL, 54),
	(187, '116', 'Scale 16cm', 'Scale 16cm', 39, '2024-02-03 14:57:32', NULL, NULL, 55),
	(188, '117', 'Scale 20cm', 'Scale 20cm', 39, '2024-02-03 14:57:42', NULL, NULL, 54),
	(189, '118', 'Scale 30cm', 'Scale 30cm', 39, '2024-02-03 14:57:53', NULL, NULL, 54),
	(190, '119', 'Scale 45cm', 'Scale 45cm', 39, '2024-02-03 14:58:10', NULL, NULL, 54),
	(191, '120', 'Scale 50cm', 'Scale 50cm', 39, '2024-02-03 14:58:26', NULL, '2024-02-03 20:27:47', 53),
	(192, '121', 'Maths  book', 'Maths  Book', 39, '2024-02-03 14:58:58', NULL, '2024-02-03 20:14:04', 53),
	(193, '122', 'Chinese', 'Chinese', 39, '2024-02-03 20:14:44', NULL, '2024-02-03 20:16:39', 53);

-- Dumping structure for table ofs.user_verify
CREATE TABLE IF NOT EXISTS `user_verify` (
  `id` bigint(20) NOT NULL AUTO_INCREMENT,
  `email` varchar(50) NOT NULL,
  `otp_sent` varchar(50) NOT NULL,
  `otp_inserted` varchar(50) NOT NULL,
  `otp_verified` varchar(50) NOT NULL,
  PRIMARY KEY (`id`)
) ENGINE=InnoDB DEFAULT CHARSET=utf8mb4 COLLATE=utf8mb4_general_ci;

-- Dumping data for table ofs.user_verify: ~0 rows (approximately)

/*!40103 SET TIME_ZONE=IFNULL(@OLD_TIME_ZONE, 'system') */;
/*!40101 SET SQL_MODE=IFNULL(@OLD_SQL_MODE, '') */;
/*!40014 SET FOREIGN_KEY_CHECKS=IFNULL(@OLD_FOREIGN_KEY_CHECKS, 1) */;
/*!40101 SET CHARACTER_SET_CLIENT=@OLD_CHARACTER_SET_CLIENT */;
/*!40111 SET SQL_NOTES=IFNULL(@OLD_SQL_NOTES, 1) */;
